,Raft,Cod,Autor1 prenume,Autor1 nume,Autor2 prenume,Autor2 nume,Autor3 prenume,Autor3 nume,Autor4 prenume,Autor4 nume,Titlu,Editura,An,Obs
,Raft 05,R0501,Felix,BUFFIERE,,,,,,,Miturile lui Homer si gandirea greaca,Univers,1987,
,Raft 05,R0502,Zuan,KE,,,,,,,Miturile Chinei antice,Stiintifica si Enciclopedica,1987,
,Raft 05,R0503,A. P.,CEHOV,,,,,,,Schite si povestiri,Univers,1986,
,Raft 05,R0504,W.,SHAKESPEARE,,,,,,,"Vol.4 Henric al IV-lea, Partea I-a II-a; Mult zgomot pentru nimic; Henric al V-lea; Nevestele vesele din Windsor",Univers,1985,
,Raft 05,R0505,W.,SHAKESPEARE,,,,,,,Vol. 5 Iuliu Cezar; Cum va place; A douasprezecea noapte; Hamplet,Univers,1986,
,Raft 05,R0506,M.,PROUST,,,,,,,In cautarea timului pierdut,Univers,1987,
,Raft 05,R0507,E. A.,POE,,,,,,,Anabel Lee si alte poeme,Univers,1987,
,Raft 05,R0508,Henrik,SINKIEWICZ,,,,,,,Prin foc si sabie,Univers,1988,
,Raft 05,R0509,Mario Vargas,LLOSA,,,,,,,Razboiul sfarsitului lumii,Cartea Romaneasca,1986,
,Raft 05,R0510,Kostas D.,KYRIAZIS,,,,,,,"Theofano, imparateasa Bizantului",Univers,1973,
,Raft 05,R0511,Cornelui,LEU,,,,,,,"Faptele de arme ale unor civili in secolul razboaielor mondiale sau ce inseamna puterea, Vol. I",Albatros,1987,
,Raft 05,R0512,Cornelui,LEU,,,,,,,"Faptele de arme ale unor civili in secolul razboaielor mondiale sau ce inseamna puterea, Vol. II",,1987,
,Raft 05,R0513,Cornelui,LEU,,,,,,,"Faptele de arme ale unor civili in secolul razboaielor mondiale sau ce inseamna puterea, Vol. III",,1989,
,Raft 05,R0514,Luigi,PIRANDELO,,,,,,,Giustino Roncella; Batrani si tineri,Eminescu,1988,
,Raft 05,R0515,August,STRINBERG,,,,,,,Saloanele gotice,Univers,1987,
,Raft 05,R0516,Ion,VINEA,,,,,,,Lunatecii,Facla,1988,
,Raft 05,R0517,Romulus,CIOFLEC,,,,,,,Boierul,Dacia,1988,
,Raft 05,R0518,Ion,BULEI,,,,,,,Sistemul politic al Romaniei moderne - Partidul conservator,Politica,1987,
,Raft 05,R0519,Mircea,ELIADE,,,,,,,Secretul doctorului Honigberger -  Proza fantastica * *,Fundatiei culturale Romane,1991,
,Raft 05,R0520,Mircea,ELIADE,,,,,,,"Istoria credintelor si ideilor religioase, Vol. III",Stiintifica si Enciclopedica,1988,
,Raft 05,R0521,Mircea,ELIADE,,,,,,,Romanul adolescentului miop,Muzeul literaturii romane,1988,
,Raft 05,R0522,Ales,ADAMOVICI,Daniil,GRANIN,,,,,Cartea blocadei - Leningrad septembrie 1941 - Ianuarie 1944,Politica,1987,
,Raft 05,R0523,Imanuel,KANT,,,,,,,Prolegomene,Stiintifica si Enciclopedica,1987,
,Raft 05,R0524,* * *,,,,,,,,"Povestiri cu haz, povestiri cu talc din China antica",Univers,1986,
,Raft 05,R0525,Andre,MAUROIS,,,,,,,Istoria Angliei (editie actualizata de Michel Mohrt),Orizonturi,,
,Raft 05,R0526,Rodica,DUMITRESCU,,,,,,,Mafiea - filiera tacerii,Politica,1986,
,Raft 05,R0527,Lev,BEZIMENSKI,,,,,,,Enigme descifrate ale celui de-al III-lea Reich,Politica,1988,
,Raft 05,R0528,,,,,,,,,Dallas 22 noiembrie 1963 - Un dosar deschis,Politica,1986,
,Raft 05,R0529,Jacques,de LAUNAY,,,,,,,Mari decizii ale celui de-al doilea razboi mondial 1942-1945; vol. I,Stiintifica si Enciclopedica,1988,
,Raft 05,R0530,Jacques,de LAUNAY,,,,,,,Mari decizii ale celui de-al doilea razboi mondial 1942-1945; vol. II,Stiintifica si Enciclopedica,1988,
,Raft 15,R1501,Radu,PARASCHIVESCU,,,,,,,Fluturele negru,Humanitas,2010,
,Raft 15,R1502,Marius,GHILEZAN,,,,,,,Hotia la romani,Grupul editorial Corint,2008,
,Raft 15,R1503,Radu,PARASCHIVESCU,,,,,,,"Racani, pifani si veterani",Humanitas,2008,
,Raft 15,R1504,Radu,PARASCHIVESCU,,,,,,,Ghidul nesimtitului,Humanitas,2006,
,Raft 15,R1505,James Finn,GARNER,,,,,,,Povesti corecte politic de adormit copii,Humanitas,2006,
,Raft 15,R1506,Woody,ALLEN,,,,,,,Anarhie pura,Humanitas,2008,
,Raft 15,R1507,Rodica,OJOG-BRASOVEANU,,,,,,,Barbatii sunt niste porci,Nemira,2000,
,Raft 15,R1508,Agatha,CHRISTIE,,,,,,,Pericol la End House,Excelsior - Multi Press,,
,Raft 15,R1509,Agatha,CHRISTIE,,,,,,,Cei sapte suspecti,Excelsior - Multi Press,,
,Raft 15,R1510,Agatha,CHRISTIE,,,,,,,Ceasurile,Excelsior - Multi Press,,
,Raft 15,R1511,Agatha,CHRISTIE,,,,,,,Asupritul si alte povestiri,,2008,
,Raft 15,R1512,Agatha,CHRISTIE,,,,,,,Poirot: primele cazuri,,2011,
,Raft 15,R1513,Agatha,CHRISTIE,,,,,,,Doamna McGinty a murit,RAO,2007,
,Raft 15,R1514,Agatha,CHRISTIE,,,,,,,13 la cina,RAO,2007,
,Raft 15,R1515,Agatha,CHRISTIE,,,,,,,Intalnire cu moartea,RAO,2006,
,Raft 15,R1516,Agatha,CHRISTIE,,,,,,,O crima anuntata,RAO,2006,
,Raft 15,R1517,Agatha,CHRISTIE,,,,,,,Crima din Mesopotamia,RAO,2006,
,Raft 15,R1518,Agatha,CHRISTIE,,,,,,,Ucigasul ABC,RAO,2009,
,Raft 15,R1519,Agatha,CHRISTIE,,,,,,,Mana ascunsa,RAO,2008,
,Raft 15,R1520,Agatha,CHRISTIE,,,,,,,Elefantii nu uita niciodata,RAO,2012,
,Raft 15,R1521,Agatha,CHRISTIE,,,,,,,Poirot investigheaza,RAO,2012,
,Raft 15,R1522,Agatha,CHRISTIE,,,,,,,Namisis,RAO,2009,
,Raft 15,R1523,Agatha,CHRISTIE,,,,,,,Mistere din Caraibe,RAO,2009,
,Raft 15,R1524,Agatha,CHRISTIE,,,,,,,Petrecerea de Haloween,RAO,2010,
,Raft 15,R1525,Agatha,CHRISTIE,,,,,,,Misterioasa afacere de la Styles,RAO,2011,
,Raft 15,R1526,Agatha,CHRISTIE,,,,,,,Crima pe ternul de golf,RAO,2011,
,Raft 15,R1527,Agatha,CHRISTIE,,,,,,,Pisica printre porumbei,RAO,2010,
,Raft 15,R1528,Agatha,CHRISTIE,,,,,,,Cei cinci purcelusi,RAO,2010,
,Raft 15,R1529,Agatha,CHRISTIE,,,,,,,Ceasurile,RAO,2011,
,Raft 15,R1530,Agatha,CHRISTIE,,,,,,,Chiparosul trist,RAO,2011,
,Raft 15,R1531,Agatha,CHRISTIE,,,,,,,Cortina: ultimul caz al lui Poirot,RAO,2011,
,Raft 15,R1532,Agatha,CHRISTIE,,,,,,,Vanatoarea de crime,RAO,2012,
,Raft 15,R1533,Agatha,CHRISTIE,,,,,,,O supradoza de moarte,RAO,2010,
,Raft 15,R1534,Agatha,CHRISTIE,,,,,,,Cei patru mari,RAO,2012,
,Raft 15,R1535,Agatha,CHRISTIE,,,,,,,Misterul crimei fara cadavru,RAO,2011,
,Raft 15,R1536,Agatha,CHRISTIE,,,,,,,Trenul de Paddington,RAO,2010,
,Raft 15,R1537,Agatha,CHRISTIE,,,,,,,Dupa inmormantare,RAO,2011,
,Raft 15,R1538,Georges,SIMENON,,,,,,,Ecluza nr. 1,Polirom,2012,
,Raft 15,R1539,Georges,SIMENON,,,,,,,Maigret inchiriaza o camera,Polirom,2012,
,Raft 15,R1540,Georges,SIMENON,,,,,,,Maigret in Arizona,Polirom,2007,
,Raft 15,R1540,Georges,SIMENON,,,,,,,Maigret in Arizona,Polirom,2007,
,Raft 15,R1541,Georges,SIMENON,,,,,,,Prietena doamnei Maigret,Polirom,2006,
,Raft 15,R1542,Georges,SIMENON,,,,,,,Raspantia mortii,Polirom,2006,
,Raft 15,R1543,Georges,SIMENON,,,,,,,Maigret si gangsterii,Polirom,2007,
,Raft 15,R1544,Georges,SIMENON,,,,,,,Inspectorul Cadavre,Polirom,2004,
,Raft 15,R1545,Georges,SIMENON,,,,,,,Pietr Letonul,Polirom,2011,
,Raft 15,R1546,Georges,SIMENON,,,,,,,Maigret la New York,Polirom,2004,
,Raft 15,R1547,Georges,SIMENON,,,,,,,Dansatoarea de la Gai-Moulin,Polirom,2004,
,Raft 15,R1548,Georges,SIMENON,,,,,,,Cine a ucis-o pe Cecile?,Polirom,2005,
,Raft 15,R1549,Georges,SIMENON,,,,,,,Cazul Saint-Fiacre,Polirom,2005,
,Raft 15,R1550,Georges,SIMENON,,,,,,,Cazul Louise Laboine,Polirom,2004,
,Raft 15,R1551,Georges,SIMENON,,,,,,,Maigret la Picratt's,Polirom,2005,
,Raft 15,R1552,Georges,SIMENON,,,,,,,Maigret si scoala crimei,Polirom,2004,
,Raft 15,R1553,Georges,SIMENON,,,,,,,Prima ancheta a lui Maigret,Polirom,2004,
,Raft 15,R1554,Georges,SIMENON,,,,,,,Domnul Gallet a decedat,Polirom,2005,
,Raft 15,R1555,Georges,SIMENON,,,,,,,Asta-I Felicie!,Polirom,2004,
,Raft 15,R1556,Georges,SIMENON,,,,,,,Maigret se insala,Polirom,2005,
,Raft 15,R1557,Georges,SIMENON,,,,,,,Maigret se teme,Polirom,2004,
,Raft 02,R0201,Jane,van LAWICK-GOODALL,,,,,,,In umbra omului,Meridiane,1985,
,Raft 02,R0202,* * *,,,,,,,,"Nuvele chineza mediavela - Serpoaica alba, * * *",Minerva,1989,
,Raft 02,R0203,* * *,,,,,,,,"Nuvele chineza mediavela - Serpoaica alba, * *",Minerva,1989,
,Raft 02,R0204,* * *,,,,,,,,"Nuvele chineza mediavela - Serpoaica alba, *",Minerva,1989,
,Raft 02,R0205,Jean-Louis,ETIENNE,,,,,,,Pe jos spre Pol,Meridiane,1988,
,Raft 02,R0206,Eugene,SUE,,,,,,,"Paiata, *",Cartea Romaneasca,1987,
,Raft 02,R0207,Eugene,SUE,,,,,,,"Paiata, * *",Cartea Romaneasca,1987,
,Raft 02,R0208,Adolfo Bioy,CASARES,,,,,,,Celalalt labirint,Univers,1987,
,Raft 02,R0209,Murel,SPARK,,,,,,,N-am hoinarit chiar fara rost …,Univers,1988,
,Raft 02,R0210,Antonio,Di BENEDETTO,,,,,,,Diego De Zama,Univers,1988,
,Raft 02,R0211,Frank,GEERK,,,,,,,Frumoasa Petra,Univers,1988,
,Raft 02,R0212,Jose Cardoso,PIRES,,,,,,,Plaja ciinilor,Univers,1988,
,Raft 02,R0213,Luise,RINSER,,,,,,,Asinul negru,Univers,1987,
,Raft 02,R0214,Brian,GLANVILLE,,,,,,,Fidelitate,Univers,1987,
,Raft 02,R0215,Jean,RHYS,,,,,,,Marea Sargaselor,Univers,1988,
,Raft 02,R0216,Alejo,CARPENTIER,,,,,,,"Recurs la metoda, *",Minerva,1988,
,Raft 02,R0217,Alejo,CARPENTIER,,,,,,,"Recurs la metoda, * *",Minerva,1988,
,Raft 02,R0218,Mieguel de Cervantes,SAAVEDRA,,,,,,,"Iscusitul hidalo don Quijote de la mancha, *",Minerva,1987,
,Raft 02,R0219,Mieguel de Cervantes,,,,,,,,"Iscusitul hidalo don Quijote de la mancha, * *",Minerva,1987,
,Raft 02,R0220,Mieguel de Cervantes,,,,,,,,"Iscusitul hidalo don Quijote de la mancha, * * *",Minerva,1987,
,Raft 02,R0221,Mieguel de Cervantes,,,,,,,,"Iscusitul hidalo don Quijote de la mancha, * * * *",Minerva,1987,
,Raft 02,R0222,Mihail,BULGAKOV,,,,,,,"Garda alba, *",Minerva,1988,
,Raft 02,R0223,Mihail,BULGAKOV,,,,,,,"Garda alba, * *",Minerva,1988,
,Raft 02,R0224,Joaquim Maria Machado,De ASSIS,,,,,,,Quincas Borba,Minerva,1986,
,Raft 02,R0225,Joaquim Maria Machado,De ASSIS,,,,,,,Memoriile postume ale lui Bras Cubas,Minerva,1986,
,Raft 02,R0226,Samuel B.,GRIFFITH I,,,,,,,Batalia pentru Guadalcanal,Militara,1987,
,Raft 02,R0227,Tudor,OCTAVIAN,,,,,,,Banda lui MobIUS,Eminescu,1978,
,Raft 02,R0228,Jerome K.,JEROME,,,,,,,Arta de a nu scrie un roman,Junimea,1987,
,Raft 02,R0229,Manuel B.,COSSIO,,,,,,,"El Greco, I",Meridiane,1985,
,Raft 02,R0230,Manuel B.,COSSIO,,,,,,,"El Greco, II",Meridiane,1985,
,Raft 02,R0231,Theodor,LIPPS,,,,,,,"Estetica, Bazele esteticii, I",Meridiane,1987,
,Raft 02,R0232,Theodor,LIPPS,,,,,,,"Estetica, Bazele esteticii, II",Meridiane,1987,
,Raft 02,R0233,Ivan,CLOULAS,,,,,,,lorenzo Magnificul,Meridiane,1987,
,Raft 02,R0234,Elie,FAURE,,,,,,,"Istoria artei, Arta medievala",Meridiane,1988,
,Raft 02,R0235,Pierre,LEVEQUE,,,,,,,"Aventura greaca, I",Meridiane,1987,
,Raft 02,R0236,Pierre,LEVEQUE,,,,,,,"Aventura greaca, II",Meridiane,1987,
,Raft 02,R0237,Claire,LALOUETTE,,,,,,,"Civilizatia Egiptului antic, I",Meridiane,1988,
,Raft 02,R0238,Claire,LALOUETTE,,,,,,,"Civilizatia Egiptului antic, II",Meridiane,1988,
,Raft 02,R0239,Gheorghe,ACHITEI,,,,,,,Frumosul dincolo de arta,Meridiane,1988,
,Raft 02,R0240,Richard,LEWINSON,,,,,,,O istorie a animalelor,Meridiane,1988,
,Raft 02,R0241,Gheorghe I.,BRATIANU,,,,,,,"Marea Neagra, I",Meridiane,1988,
,Raft 02,R0242,Gheorghe I.,BRATIANU,,,,,,,"Marea Neagra, II",Meridiane,1988,
,Raft 02,R0243,Fernand,BRAUDEL,,,,,,,"Gramatica civilizatiilor, I",Meridiane,1994,
,Raft 02,R0244,Fernand,BRAUDEL,,,,,,,"Gramatica civilizatiilor, II",Meridiane,1994,
,Raft 02,R0245,Philippe,ARIES,Georges,DUBY,,,,,"Istoria vietii private, II",Meridiane,1994,
,Raft 12,R1201,* * *,,,,,,,,Reflets Methode de francais 2,Hachette,,
,Raft 12,R1202,Pierre,GILBERT,Philippe,GREFFET,,,,,Bonne route! Methode de francais,Sigma,1994,
,Raft 12,R1203,Fulvia,TURCU,Violeta,NASTASESCU,Rodica,UNGUREANU,,,Limba engvleza pentru comertul exterior,,,
,Raft 12,R1204,Haritina,GHERMAN,,,,,,,Limba italiana - Curs practic,Teora,1997,
,Raft 12,R1205,* * *,,,,,,,,Laureatii premiului Nobel pentru literatura,Contemporanul,1983,
,Raft 12,R1206,Cezar,PETRESCU,,,,,,,Fram ursul polar,Mondero,1996,
,Raft 12,R1207,Alexandru,MITRU,,,,,,,"Legendele Olimpului, Vol. I - Zeii",CVOX,1996,
,Raft 12,R1208,Alexandru,MITRU,,,,,,,"Legendele Olimpului, Vol. II - Eroii",,1996,
,Raft 12,R1209,* * *,,,,,,,,"Culegere de texte pentru istoria universala - Epoca moderna, vol. I 1640-1848",Didactica si pedagogica,1973,
,Raft 12,R1210,Francesco,GRISELINI,,,,,,,Incercare de istorie politica si naturala a Banatului Timisoarei,Facla,1984,
,Raft 12,R1211,Irina,DORDEA,,,,,,,Cartea dulciurilor,Recoop,1987,
,Raft 12,R1212,Elke,FUHRMANN,,,,,,,Bucataria italiana,Aquila '93,1998,
,Raft 12,R1213,Antonio,PASSARELLI,,,,,,,"Bucataria lui Antonio Passarelli, Retete traditionale si rapide",Nemira,2005,
,Raft 12,R1214,* * *,,,,,,,,Retete in stil italian,Pro Editura si Tipografie,2003,
,Raft 12,R1215,* * *,,,,,,,,Ricette di osterie e famiglie dell'Umbria,Slow food Editore,1999,
,Raft 12,R1216,Silvia,JURCOVAN,,,,,,,Carte de bucate,Tehnica,1987,
,Raft 12,R1217,Nicolae,OLEXIUC,Iulia,OLEXIUC,,,,,1800 retete culinare practice,Tehnica,1986,
,Raft 12,R1218,Draga,NEAGU,,,,,,,Sfaturi practice pentru gospodine,Tehnica,1987,
,Raft 12,R1219,Sanda,MARIN,,,,,,,Carte de bucate - Editie integrala,Humanitas,2009,
,Raft 12,R1220,Jamie,OLIVER,,,,,,,Jamie's journal,,2006,
,Raft 12,R1221,Jamie,OLIVER,,,,,,,La masa cu Jamie,Curtea Veche,,
,Raft 12,R1222,Jamie,OLIVER,,,,,,,Jme collection winter 2008-2009,,,
,Raft 12,R1223,Jamie,OLIVER,,,,,,,Sa gatim cu Jamie,Curtea Veche,2007,
,Raft 12,R1224,Jamie,OLIVER,,,,,,,Cook with Jamie,Penguin Books,,
,Raft 12,R1225,Jamie,OLIVER,,,,,,,Jamie at home,Penguin Books,,
,Raft 12,R1226,Jamie,OLIVER,,,,,,,Jamie's Italy,Penguin Books,,
,Raft 12,R1227,Jamie,OLIVER,,,,,,,Ministrul hranei sanatoase,Curtea Veche,2012,
,Raft 12,R1228,Jamie,OLIVER,,,,,,,Gateste in 30 de minute cu Jamie,Curtea Veche,2012,
,Raft 12,R1229,Wilma,Di ANGELIS,,,,,,,"In cucina con fantasia, Primi piati",DeAgostini,,
,Raft 12,R1230,* * *,,,,,,,,Ultimele taine ale lumii,Readre's Digest,2008,Cadou pentru Horia de la Bibi si Buni Vali
,Raft 12,R1231,Michel,GALY,,,,,,,Larousse - Bricola - Ghid complet,RAO,2006,Cadou Loris Merlo
,Raft 03,R0301,Victor,HUGO,,,,,,,"Oamenii marii, vol. *",Ion Creanga,1975,
,Raft 03,R0302,Victor,HUGO,,,,,,,"Oamenii marii, vol. * *",Ion Creanga,1975,
,Raft 03,R0303,I. L.,CARAGIALE,,,,,,,"Canuta, om sucit",Ion Creanga,1971,
,Raft 03,R0304,I. L.,Creanga,,,,,,,Amitiri din copilarie,Ion Creanga,1971,
,Raft 03,R0305,* * *,,,,,,,,Voinicul Inelus,Ion Creanga,1971,
,Raft 03,R0306,Benedek,ELEK,,,,,,,Caprac nazdravana,Ion Creanga,1971,
,Raft 03,R0307,Jules,VERNE,,,,,,,"Copii capitanului Grant, vol. *",Ion Creanga,1972,
,Raft 03,R0308,Jules,VERNE,,,,,,,"Copii capitanului Grant, vol. * *",Ion Creanga,1972,
,Raft 03,R0309,Em.,Girleanu,,,,,,,Cea dintai durere,Ion Creanga,1971,
,Raft 03,R0310,Mark,TWAIN,,,,,,,Aventurile lui Tom Sawyer,Ion Creanga,1973,
,Raft 03,R0311,Daniel,DEFOE,,,,,,,Robinson Crusoe,Ion Creanga,,
,Raft 03,R0312,Ionel,TEODOREANU,,,,,,,Ulita copilariei,Ion Creanga,,
,Raft 03,R0313,Mark,TWAIN,,,,,,,Tom Sawyer detectiv si Tom Sawyer in strainatate,Ion Creanga,,
,Raft 03,R0314,I.,AGARBICEANU,,,,,,,File din cartea naturii,Ion Creanga,1971,
,Raft 03,R0315,M.,SADOVEANU,,,,,,,Maria sa puiul padurii,Ion Creanga,,
,Raft 03,R0316,Calistrat,HOGAS,,,,,,,Pe drumuri de munte,Ion Creanga,1972,
,Raft 03,R0317,Ioan,SLAVICI,,,,,,,Florita din codru,Ion Creanga,1972,
,Raft 03,R0318,Ion,BRAD,,,,,,,Proces in recurs,Eminescu,1988,
,Raft 03,R0319,Gib. I.,MIHAESCU,,,,,,,Nuvele,Albatros,1986,
,Raft 03,R0320,Bjornstjerne,BJORNSON,,,,,,,Tomas Rendulen,Univers,1986,
,Raft 03,R0321,Luigi,PIRANDELO,,,,,,,"Caietele lui Serafino Gubbio; Operator; Unul, nici unul si o suta de mii",Univers,1986,
,Raft 03,R0322,Angus,WILSON,,,,,,,O lume prada flacarilor,Univers,1988,
,Raft 03,R0323,William Dean,HOWELLS,,,,,,,Un caz modern,U,1987,
,Raft 03,R0324,I.,ILF,E.,PETROV,,,,,"Viteluld e aur, vol I",Univers,1971,
,Raft 03,R0325,I.,ILF,E.,PETROV,,,,,"Viteluld e aur, vol II",Univers,1971,
,Raft 03,R0326,Nikos,KAZANTZAKIS,,,,,,,Alexis Zorba,Univers,1987,
,Raft 03,R0327,Virginia,WOOLF,,,,,,,Noapte si zi,Univers,1987,
,Raft 03,R0328,Gabriel Garcia,MARQUEZ,,,,,,,Un veac de singuratate,Univers,1971,
,Raft 03,R0329,Jose Cardoso,SARAMAGO,,,,,,,Memorialul de la mafra,Univers,1988,
,Raft 03,R0330,Corneliu,STEFAN,,,,,,,Adio cu noptile de unul singur,Eminescu,1988,
,Raft 03,R0331,Marin,MINCU,,,,,,,Intermezzo,Albatros,1984,
,Raft 03,R0332,Louis,GARDEL,,,,,,,Fortul Saganne,Univers,1988,
,Raft 03,R0333,Cezar,PETRESCU,,,,,,,Baletul mecanic,Junimea,1987,
,Raft 03,R0334,Denis de,ROUGEMANT,,,,,,,Iubirea si occidentul,Univers,1987,
,Raft 03,R0335,Constantin,TOIU,,,,,,,Caderea in lume,Cartea Romaneasca,1987,
,Raft 13,R1301,Vladimir,TISMANEANU,,,,,,,"Revolutiile din 19889, Intre trecut si viitor",Polirom,2005,
,Raft 13,R1302,Vladimir,TISMANEANU,,,,,,,"Incet, spre Europa",Polirom,2000,
,Raft 13,R1303,Vladimir,TISMANEANU,,,,,,,Fantoma lui Gheorghiu-Dej,Humanitas,2008,
,Raft 13,R1304,Vladimir,TISMANEANU,,,,,,,"Lumea secreta a nomenclaturii, Amintiri, dezvaluiri, portrete",Humanitas,2012,
,Raft 13,R1305,Vladimir,TISMANEANU,,,,,,,Arheologia terorii,Eminescu,1992,
,Raft 13,R1306,Andre,GLUCKSMANN,,,,,,,Discursul urii,Humanitas,2006,
,Raft 13,R1307,Jacques,De LAUNAY,,,,,,,Istoria secreta a cominternului,Venus,1993,
,Raft 13,R1308,Virgil,IERUNCA,,,,,,,Subiect si predicat,Humanitas,1993,
,Raft 13,R1309,Nae,IONESCU,,,,,,,Curs de istorie a logicii,Humanitas,1993,
,Raft 13,R1310,Nae,IONESCU,,,,,,,Vurs de logica,Humanitas,1993,
,Raft 13,R1311,Hugh,TREVOR-ROPER,,,,,,,Ultimele zile ale lui Hitler,Humanitas,1993,
,Raft 13,R1312,Francoise,THOM,,,,,,,Limba de lemn,Humanitas,1993,
,Raft 13,R1313,Hannah,ARENDT,,,,,,,Originile totalitarismului,Humanitas,1994,
,Raft 13,R1314,Alain,BESABCON,,,,,,,Originile intelectuale ale leninismului,Humanitas,2007,
,Raft 13,R1314,Alain,BESABCON,,,,,,,Originile intelectuale ale leninismului,Humanitas,1993,
,Raft 13,R1315,Julien,BENDA,,,,,,,Tradarea carturarilor,Humanitas,1993,
,Raft 13,R1316,Andreas,HILLGRUBER,,,,,,,"Hitler, Regele Carol si Maresalul Antonescu, Relatiile germano-romana 1938-1944",Humanitas,1994,
,Raft 13,R1317,leon,VOLOVICI,,,,,,,"Ideologia nationalista si ""problema evreiasca"" in Romania anilor '30",Humanitas,1995,
,Raft 13,R1318,Titu,MAIORESCU,,,,,,,Istoria politica a Romaniei sub domnia lui Carol I,Humanitas,1994,
,Raft 13,R1319,Stefan,ZELETIN,,,,,,,"Burghezia romana, Originea si rolul ei istoric",Humanitas,2006,
,Raft 13,R1320,Bronislaw,BACZKI,,,,,,,"Iesirea din teroare, Termidor si revolutia",Humanitas,1993,
,Raft 13,R1321,Francisco,VEIGA,,,,,,,"Istoria Garzii de fier 1919-1941, Mistica ultranationalismului",Humanitas,,
,Raft 13,R1322,Pierre,du BOIS,,,,,,,Ceuasescu la putere - ancheta asupra unei ascensiuni politice,Humanitas,2004,
,Raft 13,R1323,Vlad,GEORGESCU,,,,,,,Istoria romanilor - De la origini pana in zilele noastre,Humanitas,1995,
,Raft 13,R1324,K. R.,POPPER,,,,,,,"Societatea deschis si dusmanii ei, vol. * - Vraja lui Platon",Humanitas,1993,
,Raft 13,R1325,K. R.,POPPER,,,,,,,"Societatea deschis si dusmanii ei, vol. * * - Epoca marilor profetii: Hegel si Marx",Humanitas,1993,
,Raft 13,R1326,Alina,MUNGIU-PIPIDI,,,,,,,"Romanii dupa 1989, Istoria unei neintelegeri",Humanitas,1995,
,Raft 13,R1327,Alina,MUNGIU-PIPIDI,,,,,,,Transilvania subiectiva,Humanitas,1999,
,Raft 13,R1328,D.,DRAGHICESCU,,,,,,,Din psihologia poporului roman,Albatros,1996,
,Raft 13,R1329,H. R.,PATAPIEVICI,,,,,,,Omul recent,Humanitas,2001,
,Raft 13,R1330,H. R.,PATAPIEVICI,,,,,,,Discernamantul modernizarii - Conferinte despre situatia de fapt,Humanitas,1995,
,Raft 13,R1331,H. R.,PATAPIEVICI,,,,,,,Politice,Humanitas,1996,
,Raft 13,R1332,H. R.,PATAPIEVICI,,,,,,,Zbor in bataia sagetii,Humanitas,1995,
,Raft 13,R1333,Keith,HITCHINS,,,,,,,Romania 1866-1947,Humanitas,1994,
,Raft 13,R1334,Florin,CONSTANTINIU,,,,,,,O istori sincera a poporului roman,Univers enciclopedic Gold,2011,
,Raft 13,R1335,Arnold J.,TOYNBEE,D. C.,SOMERVELL,,,,,"Studiu asupra istoriei, * * sinteza vol. I-VI",Humanitas,1997,
,Raft 13,R1336,Arnold J.,TOYNBEE,D. C.,SOMERVELL,,,,,"Studiu asupra istoriei, * * sinteza vol. VII-X",Humanitas,1997,
,Raft 13,R1337,Adam,MICHNIK,,,,,,,Marturisirile unui disident convertit,Polirom,2009,
,Raft 13,R1338,Paul,CERNAT,Ion,MANOLESCU,Angelo,MITCHIEVICI,Ioan,STANOMIR,"Explorari in comunismul romanesc, vol. *",Polirom,2004,
,Raft 13,R1339,Leszek,KOLAKOWSKI,,,,,,,Principalele curente ale marxismului. Vol. *,Curtea Veche,2009,
,Raft 13,R1340,Leszek,KOLAKOWSKI,,,,,,,Principalele curente ale marxismului. Vol. * *,Curtea Veche,2010,
,Raft 04,R0401,Margers,ZARINS,,,,,,,Fals Faust,Univers,1988,
,Raft 04,R0402,Ion,LANCRANJAN,,,,,,,Fiul secetei,Albatros,1984,
,Raft 04,R0403,Ion,LANCRANJAN,,,,,,,"Cordovanii, vol. *",Cartea romaneasca,1987,
,Raft 04,R0404,Ion,LANCRANJAN,,,,,,,"Cordovanii, vol. * *",Cartea romaneasca,1987,
,Raft 04,R0405,Ion,LANCRANJAN,,,,,,,"Cordovanii, vol. * * *",Cartea romaneasca,1987,
,Raft 04,R0406,Ion,LANCRANJAN,,,,,,,Toamna fierbinte,Militara,1986,
,Raft 04,R0407,Dinu,SARARU,,,,,,,Adevaruri de toata ziua,Eminescu,1987,
,Raft 04,R0408,Dinu,SARARU,,,,,,,Clipa,Eminescu,1988,
,Raft 04,R0409,Platon,PARDAU,,,,,,,Scrisori venetiene,Militara,1987,
,Raft 04,R0410,Nicolae,IORGA,,,,,,,Istoria lui Stefan cel Mare,Pentru literatura,1966,
,Raft 04,R0411,Eugen,POPA,,,,,,,Jurnal egiptean,Sport-Turism,1988,
,Raft 04,R0412,Petre,SALCUDEANU,,,,,,,Judecata de apoi,Militara,1987,
,Raft 04,R0413,Paul,ANGHEL,,,,,,,Zapezile,Cartea romaneasca,1984,
,Raft 04,R0414,Corneliu,LEU,,,,,,,Romanul unei zile mari,Albatros,1984,
,Raft 04,R0415,Corneliu,LEU,,,,,,,Plingerea lui Dracula,Cartea romaneasca,1977,
,Raft 04,R0416,Ileana,VULPESCU,,,,,,,Saruta pamantul acesta,Cartea romaneasca,1987,
,Raft 04,R0417,Marin,SORESCU,,,,,,,"Apa vie, apa moarta",Scrisul romanesc,1987,
,Raft 04,R0418,Umberto,ECO,,,,,,,"Pendulul lui Foucault, vol. *",Politica,1991,
,Raft 04,R0419,Umberto,ECO,,,,,,,"Pendulul lui Foucault, vol. * *",Politica,1991,
,Raft 04,R0420,Umberto,ECO,,,,,,,Minunea sfintului Baudolino,Humanitas,2000,
,Raft 04,R0421,Goro,HANI,,,,,,,Istoria poporului japonez,Politica,1964,
,Raft 04,R0422,Mihail,SEBASTIAN,,,,,,,Orasul cu salcami; Accidentul,Eminescu,1985,
,Raft 04,R0423,Mircea,ELIADE,,,,,,,Maitreyi; Nunta in cer,Minerva,1986,
,Raft 04,R0424,Emanuael,ROBLES,,,,,,,"Venetia, iarna",Eminescu,1988,
,Raft 04,R0425,Claude,SPAAK,,,,,,,Ecouri in memoria timpului,Eminescu,1987,
,Raft 04,R0426,manuel Mujica,LAINEZ,,,,,,,Bomarzo,Univers,1987,
,Raft 04,R0427,Lisandro,OTERO,,,,,,,Vremea inocentilor,Univers,1987,
,Raft 04,R0428,German,ARCINIEGAS,,,,,,,Cavalerul din Eldorado,Univers,1987,
,Raft 04,R0429,Alejo,CARPENTIER,,,,,,,Harpa si umbra,Univers,1988,
,Raft 04,R0430,Herman,BANG,,,,,,,Domnisoara Ido Brandt; Nuvele excentrice,Univers,1988,
,Raft 04,R0431,William Dean,HOWELLS,,,,,,,Riscurile parvenirii,Univers,1988,
,Raft 04,R0432,Eugene,KOGON,,,,,,,Reteua mortii - sistemul lagarelor de concentrare naziste,Politica,1987,
,Raft 04,R0433,Leonida,LOGHIN,,,,,,,"Al doilea razboi mondial, Actiuni militare, politice si diplomatice - Cronologie",Politica,1984,
,Raft 04,R0434,Christopher,ANDREW,Oleg,GORDIEVSKI,,,,,"KGB Istoria secreta a operatiunilor sale externe, de la Lenin la Gorbaciov",All,1994,
,Raft 04,R0435,Alexandru,ZINOVEIV,,,,,,,Homo sovieticus,Dacia,1991,
,Raft 04,R0436,Jeliu,JELEV,,,,,,,Fascismul,Stiintifica,1992,
,Raft 04,R0437,Milovan,DJILAS,,,,,,,Intalniri cu Stalin,Europa,,
,Raft 04,R0438,Andre,GLUCKSMANN,,,,,,,Bucatareasa si Mincatorul de oameni,Humanitas,1991,
,Raft 09,R0901,Jules,VERNE,,,,,,,Ocolul pamantului in optzeci de zile,Ion Creanga,1971,
,Raft 09,R0902,* * *,,,,,,,,"Istoria militara a poporului roman, vol. *",Militara,1984,
,Raft 09,R0903,* * *,,,,,,,,"Istoria militara a poporului roman, vol. * *",Militara,1986,
,Raft 09,R0904,Iosif Constantin,DRAGAN,,,,,,,"Mileniul imperial al ,Daciei",Stiintifica si Enciclopedica,1986,
,Raft 09,R0905,Ioan,GLODARIU,Eugen,IAROSLASCHI,,,,,Civilizatia fierului la daci,Dacia,1979,
,Raft 09,R0906,Gheorghe,BUZATU,,,,,,,Din istoria secreta a celui de-al doilea razboi mondial,Stiintifica si Enciclopedica,1988,
,Raft 09,R0907,Stefan,PASCU,,,,,,,Timisoara 700 - pagini din trecut si de azi,,1969,
,Raft 09,R0908,Ion Horatiu,CRISAN,,,,,,,Burebista si epoca sa,Stiintifica si Enciclopedica,1977,
,Raft 09,R0909,Laurentiu,ULICI,,,,,,,Nobel contra Nobel Vol. *,Cartea Romaneasca,1988,
,Raft 09,R0910,Laurentiu,ULICI,,,,,,,Nobel contra Nobel Vol. * *,Cartea Romaneasca,1988,
,Raft 09,R0911,* * *,,,,,,,,Nicolae Labis - album memorial,Secoliul XX,,
,Raft 09,R0912,Gheorghe,ANDRONIC,Marin,NEATU,Adrian,RADULESCU,Stoica,LASCU,Litoralul romanesc al Marii Negre,Sport-Turism,1989,
,Raft 09,R0913,* * *,,,,,,,,Dictionarul complet al economiei de piata,Informatia Business Books,1994,
,Raft 09,R0914,* * *,,,,,,,,Probleme ale relatiilor economice dintre tarile socialiste,"Biblioteca ""Viata economica""",1964,
,Raft 09,R0915,Ane P.,CARTER,Wassily,LEONTIEF,Peter,PETRI,,,Viitorul economiei mondiale - studiu al ONU,Stiintifica si Enciclopedica,1977,
,Raft 09,R0916,Iuliu,MANIU,,,,,,,Testament moral politic,Gandirea romaneasca,1991,
,Raft 09,R0917,Ion,RATIU,,,,,,,Romania de astazi - comunism sau independenta,Condor,1990,
,Raft 09,R0918,* * *,,,,,,,,Mica enciclopedie matematica,Tehnica,1980,
,Raft 09,R0919,Marius,IOSIFESCU,Costache,MOINEAGU,Vladimir,TREBICI,Emiliana,URSIANU,Mica enciclopedie de statistica,Stiintifica si Enciclopedica,1985,
,Raft 09,R0920,Constantin D.,ALBU,Maria,BREZEANU,,,,,Mica enciclopedie de chimie,Enciclopedica romana,1974,
,Raft 09,R0921,Caius,IACOB,,,,,,,Dictionar de mecanica,Stiintifica si Enciclopedica,1980,
,Raft 09,R0922,Michael,POLLAK,,,,,,,Viena 1900 - O identitate ranita,Polirom,1998,
,Raft 09,R0923,Mihaela,SITARIU,,,,,,,"Oaza de libertate - Timisoara, 30 octombrie 1956",Polirom,2004,
,Raft 09,R0924,Vladimir,VOINOVICI,,,,,,,Viata si neobisnuintele aventuri ale soldatului Ivan Cionkin,Paralela 45,2006,
,Raft 09,R0925,Christopher,HOBHOUSE,,,,,,,Oxford - As it was and as it is to-day,Random House,1939,
,Raft 09,R0926,F. W.,PUTZGERS,,,,,,,Historischer Schul-Atlas,von Velhagen & Klafing,1928,
,Raft 09,R0927,* * *,,,,,,,,Meyers Hand-Atlas,Biographisches Institut A.G. / Leipzig,1935,
,,,,,,,,,,,,,,
,Raft 09,R0928,Karl,MARX,,,,,,,"Capitalul, vol. *",Politica,1960,
,Raft 19,R1901,Hermann,HESSE,,,,,,,Jocul cu margele de sticla,RAO,1994,
,Raft 19,R1902,Garcia,MARQUEZ,,,,,,,Dragostea in vremea holerei,RAO,1999,
,Raft 19,R1903,Garcia,MARQUEZ,,,,,,,Generalul in labirintul sau,RAO,2001,
,Raft 19,R1904,Vargas,LLOSA,,,,,,,Conversatie la catedrala,RAO,1998,
,Raft 19,R1905,Albert,CAMUS,,,,,,,Strainul; Ciuma; Caderea; Exilul si imparatia,RAO,2008,
,Raft 19,R1906,Albert,CAMUS,,,,,,,Fata si reversul; Nunta; Mitul lui Sisif; Omul revoltat; Vara,RAO,2011,
,Raft 19,R1907,Alexandr,SOLJENITIN,,,,,,,"Arhipelagul Gulag, vol. *",Univers,2008,
,Raft 19,R1908,Alexandr,SOLJENITIN,,,,,,,"Arhipelagul Gulag, vol. * *",Univers,2008,
,Raft 19,R1909,Alexandr,SOLJENITIN,,,,,,,"Arhipelagul Gulag, vol. * * *",Univers,2008,
,Raft 19,R1910,Heinrich,BOLL,,,,,,,Fotografie de grup cu doamna,Polirom,2010,
,Raft 19,R1911,Helen,FIELDING,,,,,,,Jurnalul lui Bridget Jones,Polirom,2003,
,Raft 19,R1912,Daniel,MASON,,,,,,,Acordorul de piane,Polirom,2004,
,Raft 19,R1913,Ian,McEWAN,,,,,,,Mingiieri straine,Polirom,2004,
,Raft 19,R1914,Ian,McEWAN,,,,,,,Ispasire,Polirom,2003,
,Raft 19,R1915,Ian,McEWAN,,,,,,,Pe plaja Chesil,Polirom,2007,
,Raft 19,R1916,W. Somerset,MAUGHAM,,,,,,,Pe muchie de cutit,Polirom,2010,
,Raft 19,R1917,W. Somerset,MAUGHAM,,,,,,,Liza din mahalaua Lambeth,Polirom,2011,
,Raft 19,R1918,W. Somerset,MAUGHAM,,,,,,,Luna si doi bani jumate,Polirom,2006,
,Raft 19,R1919,W. Somerset,MAUGHAM,,,,,,,Catalina,Polirom,2011,
,Raft 19,R1920,W. Somerset,MAUGHAM,,,,,,,Valul pictat,Polirom,2006,
,Raft 19,R1921,W. Somerset,MAUGHAM,,,,,,,Placerile vietii,Polirom,2006,
,Raft 19,R1922,W. Somerset,MAUGHAM,,,,,,,Balndetea noptii,Polirom,2001,
,Raft 19,R1923,W. Somerset,MAUGHAM,,,,,,,Magul,Polirom,2009,
,Raft 19,R1924,W. Somerset,MAUGHAM,,,,,,,Vila de pe colina,Polirom,2008,
,Raft 19,R1925,George,ORWELL,,,,,,,Omagiu Cataloniei,Polirom,2009,
,Raft 19,R1926,George,ORWELL,,,,,,,Zile birmaneze,Polirom,2003,
,Raft 19,R1927,George,ORWELL,,,,,,,Al zecelea om,Polirom,2008,
,Raft 19,R1928,Graham,GREENE,,,,,,,Omul nostru din Havana,Polirom,2005,
,Raft 19,R1929,Graham,GREENE,,,,,,,Sfarsitul unei iubiri,Polirom,2003,
,Raft 19,R1930,Graham,GREENE,,,,,,,Americanul linistit,Polirom,2003,
,Raft 19,R1931,Graham,GREENE,,,,,,,Expresul de Stambul,Polirom,2005,
,Raft 19,R1932,Graham,GREENE,,,,,,,Un diamant cat Hotelul Ritz si alte povestiri,Polirom,2006,
,Raft 19,R1933,F. Scott,FITZGERALD,,,,,,,Dincoace de Paradis,Polirom,2005,
,Raft 19,R1934,F. Scott,FITZGERALD,,,,,,,Cei frumosi si blestemati,Polirom,2008,
,Raft 19,R1935,F. Scott,FITZGERALD,,,,,,,Strania poveste a lui Benjamin Button,Polirom,2009,
,Raft 19,R1936,Irvine,WELSH,,,,,,,Trainspotting,Polirom,2006,
,Raft 19,R1937,Irvine,WELSH,,,,,,,"Daca ti-a placut scoala, munca o sa-ti placa si mai mult",Polirom,2009,
,Raft 14,R1401,Michael,ONDAATJE,,,,,,,Pacientul englez,Polirom,2011,
,Raft 14,R1402,John,CHEEVER,,,,,,,Falconer,Polirom,2003,
,Raft 14,R1403,Sylvia,PLATH,,,,,,,Clopotul de sticla,Polirom,2003,
,Raft 14,R1404,Salman,RUSHDIE,,,,,,,Rusinea,Polirom,2001,
,Raft 14,R1405,Aldous,HUXLEY,,,,,,,Minunata lume noua; Reintoarcerea in minunata lume noua,Polirom,2003,
,Raft 14,R1406,Henry,JAMES,,,,,,,Daisy Miller,Polirom,2003,
,Raft 14,R1407,William,FAULKNER,,,,,,,Zgomotul si furia,Polirom,2003,
,Raft 14,R1408,Charles,BUKOWSKI,,,,,,,Femei,Polirom,2003,
,Raft 14,R1409,Michael,CUNNINGHAM,,,,,,,Pana la caderea noptii,Polirom,2011,
,Raft 14,R1410,Michael,CUNNINGHAM,,,,,,,Zile exemplare,Polirom,2006,
,Raft 14,R1411,John,FOWLES,,,,,,,Iubita locotenentului francez,Polirom,2001,
,Raft 14,R1412,John,FOWLES,,,,,,,Colectionarul,Polirom,2011,
,Raft 14,R1413,Paul,AUSTER,,,,,,,Nebunii in Brooklyn,Polirom,2007,
,Raft 14,R1414,Dino,BUZZATI,,,,,,,O dragoste,Polirom,2002,
,Raft 14,R1415,Iris,MURDOCH,,,,,,,Oameni buni si oameni de bine,Polirom,2006,
,Raft 14,R1416,Tracy,CHEVALIER,,,,,,,Fapturi uluitoare,Polirom,2010,
,Raft 14,R1417,Philip,ROTH,,,,,,,Operatiunea Shylock,Polirom,2008,
,Raft 14,R1418,Truman,CAPOTE,,,,,,,Cu singe rece,Polirom,2011,
,Raft 14,R1419,Yan,LIANKE,,,,,,,In slujba poporului,Polirom,2010,
,Raft 14,R1420,Mircea,MIHAIES,,,,,,,Masca de fiere,Polirom,2000,
,Raft 14,R1421,Vladimir,TISMANEANU,,,,,,,Scrisori din Washingtono,Polirom,2002,
,Raft 14,R1422,Adam,MICHNIK,,,,,,,Restauratia de catifea,Polirom,2001,
,Raft 14,R1423,Adrian,CIOROIANU,,,,,,,Focul ascuns in piatra,Polirom,2002,
,Raft 14,R1424,Radu Pavel,GHEO,,,,,,,Romanii e destepti,Polirom,2004,
,Raft 14,R1425,Aurora,LIICEANU,,,,,,,"Patru femei, patru povesti",Polirom,2010,
,Raft 14,R1426,Aurora,LIICEANU,,,,,,,Prin perdea,Polirom,2009,
,Raft 14,R1427,Adriana,BABETI,,,,,,,Prozac - 101 pastile pentru bucurie,Polirom,2009,
,Raft 14,R1428,Vasile,ERNU,,,,,,,Ultimii eretici ai Imperiului,Polirom,2009,
,Raft 14,R1429,Vasile,ERNU,,,,,,,Nascut in URSS,Polirom,2006,
,Raft 14,R1430,Radu Pavel,GHEO,Dan,LUNGU,,,,,Tovarase de drum - Experienta feminina in comunism,Polirom,2008,
,Raft 14,R1431,Radu Pavel,GHEO,,,,,,,"Adio, adio, patria mea cu I din I, cu a din a",Polirom,2004,
,Raft 14,R1432,Paul,CERNAT,Ion,MANOLESCU,Angelo,MITCHIEVICI,Ioan,STANOMIR,O lume disparuta - Patru istorii personale urmate de un dialog cu H.-R. Patapievici,Polirom,2004,
,Raft 14,R1433,Radu Pavel,GHEO,,,,,,,DEX-ul si sexul,Polirom,2005,
,Raft 14,R1434,Dorin,TUDORAN,,,,,,,Absurdistan - O tragedie cu iesire la mare,Polirom,2006,
,Raft 14,R1435,Eugen,ISTODOR,,,,,,,Cartea vietii mele,Polirom,2007,
,Raft 14,R1436,Alina,MUNGIU-PIPIDI,,,,,,,De ce nu iau romanii premiul Nobel,Polirom,2012,
,Raft 14,R1437,Lauren,WEISBERGER,,,,,,,Diavolul se imbraca de la Prada,Polirom,2006,
,Raft 14,R1438,Lauren,WEISBERGER,,,,,,,Vreau sa fiu V.I.P.,Polirom,2006,
,Raft 14,R1439,Plum,SYKES,,,,,,,Blonde de milioane,Polirom,2006,
,Raft 14,R1440,Peter,MAYLE,,,,,,,Din nou in Provance,RAO,2012,
,Raft 14,R1441,Peter,MAYLE,,,,,,,Un an in Provance,RAO,2005,
,Raft 14,R1442,Peter,MAYLE,,,,,,,Provance pentru totdeauna,RAO,2011,
,Raft 14,R1443,Radu,PARASCHIVESCU,,,,,,,Dintre sute de clisee + Aschii dintr+o limba tare,Humanitas,2009,
,Raft 08,R0801,Adrian,MARINO,,,,,,,Viata unui om singur,Polirom,2010,
,Raft 08,R0802,Vladimir,TISMANEANU,,,,,,,Stalinism pentru eternitate - O istorie politica a comunismului romanesc,Polirom,2005,
,Raft 08,R0803,Larry L.,WATTS,,,,,,,"Fereste-ma, Doamne, de prieteni - Razboiul clandestin al blocului sovietic cu Romania",RAO,2011,
,Raft 08,R0804,Stelian,TANASE,,,,,,,Acasa se vorbeste in soapta,Compania,2002,
,Raft 08,R0805,Stelian,TANASE,,,,,,,Clientii lu' tanti Varvara - Istorii clandestine,Humanitas,2005,
,Raft 08,R0806,Stelian,TANASE,,,,,,,Elite si societate - Guvrenarea Gheorghiu-Dej 1948-1065,Humanitas,2006,
,Raft 08,R0807,Tom,GALLAGHER,,,,,,,Furtul unie natiuni - Romania de la comunism incoace,Humanitas,2004,
,Raft 08,R0808,Valeriu,STOICA,Dragos Paul,ALIGICA,,,,,Recosntructia dreptei,Humanitas,2009,
,Raft 08,R0809,Mircea,CARTARESCU,,,,,,,Nostalgia,Humanitas,2013,
,Raft 08,R0810,Zoe,CAMARASESCU,,,,,,,"Amintiri - Frumusete, gratie, armonie, noblete. Adica tot ce am pierdut!",Ponte,2011,
,Raft 08,R0811,Marius,CHIVU,,,,,,,Cartea cu bunici,Humanitas,2007,
,Raft 08,R0812,Andrei,PLESU,,,,,,,Parabolele lui Iisus - Adevarul ca poveste,Humanitas,2012,
,Raft 08,R0813,Catalin Dorian,FLORESCU,,,,,,,Jacob se hotareste sa iubeasca,Polirom,2012,
,Raft 08,R0814,Catalin Dorian,FLORESCU,,,,,,,Maseurul orb,Polirom,2007,
,Raft 08,R0815,Filip,FLORIAN,,,,,,,Degete mici,Polirom,2007,
,Raft 08,R0816,Filip,FLORIAN,,,,,,,Zilele regelui,Polirom,2008,
,Raft 08,R0817,Ioan,GROSAN,,,,,,,O suta de ani de zile la Portile Orientului,Polirom,2007,
,Raft 08,R0818,Salman,RUSHDIE,,,,,,,Versete satanice,Polirom,2007,
,Raft 08,R0819,Stefan,AGOPIAN,,,,,,,Opere vol * - Insemnari din Sodoma; Drumul; Republica pe esafod; Ziua miniei; Manualul intimplator; Tache de catifea,Polirom,2008,
,Raft 08,R0820,Stefan,AGOPIAN,,,,,,,Opere vol * * - Sara; Tobit; Fric,Polirom,2009,
,Raft 08,R0821,David,PRIESTLAND,,,,,,,Steagul rosu - O istorie a comunismului,Litera,2012,
,Raft 08,R0822,John,FOWLES,,,,,,,Magicianul,Polirom,2007,
,Raft 08,R0823,Radu Pavel,GHEO,,,,,,,"Noapte buna, copii!",Polirom,2010,
,Raft 08,R0824,Ioana,NICOLAIE,,,,,,,O pasare pe sirma,Polirom,2008,
,Raft 08,R0825,Adrian,CIOROIANU,,,,,,,Pe umerii lui Marx - O introducere in istoria comunismului romanesc,Curtea Veche,2005,
,Raft 08,R0826,Leon,WIESELTIER,,,,,,,Kaddish,Polirom,2001,
,Raft 08,R0827,Orhan,PAMUK,,,,,,,Ma numesc Rosu,Curtea Veche,2006,
,,,Lucian,BOIA,,,,,,,Primul razboi mondial,Humanitas,2014,
,Raft 18,R1801,Lucian,BOIA,,,,,,,Mitul democratiei,Humanitas,2007,
,Raft 18,R1801,Lucian,BOIA,,,,,,,Mitul democratiei,Humanitas,2007,
,Raft 18,R1802,Lucian,BOIA,,,,,,,Tinerete fara batranete,Humanitas,2006,
,Raft 18,R1803,Lucian,BOIA,,,,,,,Intre inger si fiara - Mitul omului diferit din Antichitate pana in zilele nosatre,Humanitas,2011,
,Raft 18,R1804,Lucian,BOIA,,,,,,,Napoleon III cel iubit,Humanitas,2008,
,Raft 18,R1805,Lucian,BOIA,,,,,,,"Franta, hegemonie sau declin?",Humanitas,2010,
,Raft 18,R1806,Lucian,BOIA,,,,,,,De ce este Romania altfel?,Humanitas,2012,
,Raft 18,R1807,Lucian,BOIA,,,,,,,Tragedia Germaniei 1914-1945,Humanitas,2010,
,Raft 18,R1808,Lucian,BOIA,,,,,,,"""Germanofilii"" - Elita intelectuala romaneasca in anii primului razboi mondial",Humanitas,2009,
,Raft 18,R1809,Lucian,BOIA,,,,,,,Capcanele istoriei - Elita intelectuala romaneasca intre 1930 si 1950,Humanitas,2011,
,Raft 18,R1810,Lucian,BOIA,,,,,,,Mitologia stiintifica a comunismului,Humanitas,2011,
,Raft 18,R1811,Eugen,STANCU,,,,,,,Istoriile mele - Eugen Stancu in dialog cu Lucian Boia,Humanitas,2012,
,Raft 18,R1812,Neagu,DJUVARA,,,,,,,Misterul telegramei de la Stockholm…,Humanitas,2012,
,Raft 18,R1813,Neagu,DJUVARA,,,,,,,Exista istorie adevarata?,Humanitas,2004,
,Raft 18,R1814,Neagu,DJUVARA,,,,,,,Razboiul de saptezeci si sapte de ani si premisele hegemoniei americane (1914-1991),Humanitas,2008,
,Raft 18,R1815,Neagu,DJUVARA,,,,,,,Thocomerius - Hegru Voda un voivod de origine cumana la inceputurile Tarii Romanesti,Humanitas,2007,
,Raft 18,R1816,Neagu,DJUVARA,,,,,,,Exista istorie adevarata?,Humanitas,2004,
,Raft 18,R1816,Neagu,DJUVARA,,,,,,,Exista istorie adevarata?,Humanitas,2004,
,Raft 18,R1817,Neagu,DJUVARA,,,,,,,Amintiri din pribegie,Humanitas,2005,
,Raft 18,R1818,Neagu,DJUVARA,,,,,,,Ce au fost boierii mari in Tara Romaneasca - Saga Gradistenilor (secolele XVI-XX),Humanitas,2010,
,Raft 18,R1819,Neagu,DJUVARA,,,,,,,Insemnarile lui Georges Milesco,Humanitas,2011,
,Raft 18,R1820,Neagu,DJUVARA,,,,,,,"Aromanii - istorie, limba, destin",Humanitas,2012,
,Raft 18,R1821,George,RADULESCU,,,,,,,Un secol cu Heagu Djuvara,Adevarul,2010,
,Raft 18,R1822,David,GILMOUR,,,,,,,Clubul de film - Lectii de viata pentru fiul meu,Humanitas,2012,
,Raft 18,R1823,Sir Sacheverell,SITWELL,,,,,,,Calatorie in Romania,Humanitas,2011,
,Raft 18,R1824,Radu,ROSETTI,,,,,,,Ce am auzit de la altii - Amintiri,Humanitas,2011,
,Raft 18,R1825,Andrei,PLESU,,,,,,,"Note, stari, zile 1968-2009",Humanitas,2010,
,Raft 18,R1826,Andrei,PLESU,,,,,,,Despre bucurie in est si vest si alte eseuri,Humanitas,2006,
,Raft 18,R1827,Andrei,PLESU,,,,,,,Fata catre fata - Intalniri si portrete,Humanitas,2011,
,Raft 18,R1828,Vladimir,TISMANEANU,,,,,,,Despre 1989 - Naufragiul utopiei,Humanitas,2009,
,Raft 18,R1829,Vladimir,TISMANEANU,,,,,,,Despre comunism - Destinul unei religii politice,Humanitas,2011,
,Raft 18,R1830,Vladimir,TISMANEANU,Cristian,VASILE,,,,,Perfectul acrobat - Leonte Rautu mastile raului,Humanitas,2008,
,Raft 18,R1831,Nicolae,MERISANU,Dan,TALOS,,,,,Antologia rusinii dupa Virgil Ierunca,Humanitas,2009,
,Raft 18,R1832,Mircea,CARTARESCU,,,,,,,Jurnal,Humanitas,2001,
,Raft 18,R1833,Mircea,CARTARESCU,,,,,,,Frumoasele straine,Humanitas,2010,
,Raft 18,R1834,Dan C.,MIHAILESCU,,,,,,,"I. L. Caragiale despre lume, arta si neamul romanesc",Humanitas,2012,
,Raft 18,R1835,Dan C.,MIHAILESCU,,,,,,,I. L. Caragiale si caligrafia placerii - Despre eul din scrisori,Humanitas,201,
,Raft 18,R1836,Serban,CIOCULESCU,,,,,,,Viata lui I. L. Caragiale,Humanitas,2012,
,Raft 18,R1837,Vlad,MIXICH,,,,,,,Fanaticii - Portretele a zece oameni cu vocatie,Humanitas,2011,
,Raft 18,R1838,Radu Pavel,GHEO,,,,,,,Numele mierlei,Polirom,2008,
,Raft 18,R1839,Cristian,TEODORESCU,,,,,,,"Medgidia, orasul de apoi",Cartea Romaneasca,2009,
,Raft 18,R1840,Mihai,GAINUSA,,,,,,,Scandura de frizer,Polirom,2010,
,Raft 18,R1841,Kate,MORTON,,,,,,,Orele indepartate,Humanitas,2013,
,Raft 18,R1842,Cristian,PREDA,,,,,,,Rumanii fericiti - Vot siputere de la 1831 pana in prezent,Polirom,2011,
,Raft 18,R1843,Florin,DUMITRESCU,,,,,,,Primul meu job,Art,2011,
,Raft 18,R1844,Corina I.,BERNIC,,,,,,,Primii mei blugi,Art,2009,
,Raft 18,R1845,Laura,ALBULESCU,,,,,,,Prima mea dezamagire in dragoste,Art,2009,
,Raft 18,R1846,Bogdan,IANCU,,,,,,,Prima mea calatorie in strainatate,Art,2010,
,Raft 18,R1847,I.,DECUBLE,H.,GABRIEL,,,,,Prima mea betie,Art,2009,
,Raft 18,R1848,Marius,CHIVU,,,,,,,Ptimul meu porn,Art,2011,
,Raft 18,R1851,Ellis,AVERY,,,,,,,Foc in pavilionul de ceai,Humanitas,2008,
,Raft 18,R1852,Nikos,KAZANTZAKIS,,,,,,,Ultima ispita a lui Hristos,Humanitas,2011,
,Raft 18,R1853,Constanta,VINTILA-GHITULESCU,,,,,,,Focul amorului - despre dragoste si sexualitate in societatea romaneasca 1750-1830,,,
,Raft 18,R1854,Mark,TWAIN,,,,,,,Autobiografie,Art,2008,
,Raft 07,R0701,* * *,,,,,,,,Dictionar tehnic Englez - Roman,Tehnica,2001,
,Raft 07,R0702,* * *,,,,,,,,Dictionar tehnic Roman - Englez,Tehnica,2001,
,Raft 07,R0703,* * *,,,,,,,,Dictionar Englez - Roman (vol. * * M-Z),Tehnica,1996,
,Raft 07,R0704,Mihail,BOGDAN,,,,,,,Dictionar englez - roman,Stiintifica,1963,
,Raft 07,R0705,Leon,LEVITCHI,,,,,,,Dictionar roman - englez,Stiintifica,1965,
,Raft 07,R0706,Leon,LEVITCHI,Andrei,BANTAS,,,,,Dictionar englez - roman,Stiintifica,1971,
,Raft 07,R0707,N. N.,CONDEESCU,G.,HANES,Iulia,GIROVEANU,Sanda,MIHAIESCU-BOROIANU,Dictionar francez - roman,Stiintifica si Enciclopedica,1972,
,Raft 07,R0708,Ana,CANARACHE,Constantin,BORANESCU,,,,,Dictionar romana - francez,Stiintifica,1972,
,Raft 07,R0709,Ion,BRAESCU,Sorina,BERCESCU,Silvia,PANDELESCU,Maria,BRAESCU,Invatati limba franceza fara profesor,Stiintifica,1964,
,Raft 07,R0710,* * *,,,,,,,,Dictionar rus - roman,,1954,
,Raft 07,R0711,Constantin,NOICA,,,,,,,Cuvant impreuna despre rostirea romaneasca,Eminescu,1987,
,Raft 07,R0712,Boris,PASTERNAK,,,,,,,"Doctor Jivago, vol. *",Elit comentator,1991,
,Raft 07,R0713,Boris,PASTERNAK,,,,,,,"Doctor Jivago, vol. * *",Elit comentator,1991,
,Raft 07,R0714,Bogdan,SUCEAVA,,,,,,,Venea din timpul diez,Polirom,2004,
,Raft 07,R0715,Stephen R.,COVEY,,,,,,,Eficienta in 7 trepte sau Un abecedar al intelepciunii,All,1998,
,Raft 07,R0715,Stephen R.,COVEY,,,,,,,Eficienta in 7 trepte sau Un abecedar al intelepciunii,All,2000,
,Raft 07,R0716,Stephen R.,COVEY,,,,,,,Etica liderului eficient sau Conducerea bazata pe principii,All,2000,
,Raft 07,R0717,Joseph,O'CONNOR,Andrea,LAGES,,,,,Coaching cu NLP - Cum sa fii un coach de succes,Curtea Veche,2009,
,Raft 07,R0718,Kimberley,CORNISH,,,,,,,"Evreul din Linz - Wittgenstein, Hitler su lupta lor secreta pentru spirit",Nemira,2007,
,Raft 07,R0719,George,ORWELL,,,,,,,O mie noua sute optzeci si patru,Univers,1991,
,Raft 07,R0720,Paul,GOMA,,,,,,,Astra,Dacia,1992,
,Raft 07,R0721,Vladimir,PASTI,,,,,,,Romania in tranzitie - Caderea in viitor,Nemira,1995,
,Raft 07,R0722,Rudolf,STEINER,,,,,,,Crestinismul ca fapt mistic si misteriile Antichitatii,Humanitas,1993,
,Raft 07,R0723,Julius,EVOLA,,,,,,,Metafizica sexului,Humanitas,1994,
,Raft 07,R0724,Daniel,DAIANU,,,,,,,Echilibrul economic si moneda - Keynesism si monetarism,Humanitas,1993,
,Raft 07,R0725,Alvin,TOFFLER,,,,,,,Power shift Puterea in miscare,Antet,,
,Raft 06,R0601,* * *,,,,,,,,Cod fiscal,SHIK,2004,
,Raft 06,R0602,* * *,,,,,,,,Cod fiscal,Hamangiu,2007,
,Raft 06,R0603,Dumitru,POPESCU,,,,,,,Cenusa din ornic,Eminescu,1988,
,Raft 06,R0604,Mihai,EMINESCU,,,,,,,Proza,Albatros,1976,
,Raft 06,R0605,Alvin,TOFFLER,,,,,,,Socul viitorului,Politica,1973,
,Raft 06,R0606,George,VAIDEANU,,,,,,,Educatia la frontiera dintre milenii,Politica,1988,
,Raft 06,R0607,V. N.,SERDAKOV,,,,,,,Iluzia binelui -  Valorile morale si credinta religioasa,Politica,1988,
,Raft 06,R0608,Tudor,OCTAVIAN,,,,,,,"Povestiri alese, vol. *",Jurnalul,2006,
,Raft 06,R0609,Tudor,OCTAVIAN,,,,,,,"Povestiri alese, vol. * *",Jurnalul,2006,
,Raft 06,R0610,Tudor,OCTAVIAN,,,,,,,"Prosi, dar multi",Curtea Veche,2003,
,Raft 06,R0611,Robert L.,HEILBRONER,,,,,,,Filozofii lucrurilor simple - Vietile ecpocile si idelile marilor economisti,Humanitas,1994,
,Raft 06,R0612,Mircea,DANELIUC,,,,,,,Strigoi fara tara,Allfa,2001,
,Raft 06,R0613,Ioan,GROSAN,,,,,,,Un om din est,Noul scris romanesc,2010,
,Raft 06,R0614,John,STEINBECK,,,,,,,Strada Sardinelor,Polirom,2010,
,Raft 06,R0615,Gabriel,LIICEANU,,,,,,,Usa interzisa,Humanitas,2002,
,Raft 06,R0616,Salvador,DALI,,,,,,,Chipuri ascunse,Humanitas,2004,
,Raft 06,R0617,Harper,LEE,,,,,,,… sa ucizi o pasare cintatoare,Humanitas,2003,
,Raft 06,R0618,Mario Vargas,LLOSA,,,,,,,Povestasul,Humanitas,2003,
,Raft 06,R0619,Jean,SEVILLIA,,,,,,,Terorismul intelectual - din 1945 pana in prezent,Humanitas,2013,
,Raft 06,R0620,Paulo,COELHO,,,,,,,Alchimistul,Humanitas,2003,
,Raft 06,R0621,Paulo,COELHO,,,,,,,Manualul razboinicului luminii,Humanitas,2003,
,Raft 06,R0622,Paulo,COELHO,,,,,,,Zahir,Humanitas,2005,
,Raft 06,R0623,Gabriel Garcia,MARQUEZ,,,,,,,Povestea tirfelor mele triste,RAO,2005,
,Raft 06,R0624,Niccolo,MACHIAVELLI,,,,,,,Il principe / Principele,Humanitas,2006,
,Raft 06,R0625,Mircea,IVANESCU,,,,,,,mastile lui M. I. Gabrile Liiceanu in dialog cu Mircea Ivanescu,Humanitas,2012,
,Raft 06,R0626,Emir,KUSTURICA,,,,,,,Unde sunt eu in toata povestea asta?,Polirom,2012,
,Raft 06,R0627,Anton,CHEKHOV,,,,,,,"Collected work, vol. *",Raduga,1987,
,Raft 06,R0628,Gheroghe,PITUT,,,,,,,Aventurile marelui motan criminal Maciste,Sport-Turism,1983,
,Raft 06,R0629,Dan,GRIGORESCU,,,,,,,Cumintenia pamintului,Meridiane,1986,
,Raft 06,R0630,Sylvie,GERMAIN,,,,,,,Cartea noptilor,Univers,2007,
,Raft 06,R0631,Tonino,BENACQUISTA,,,,,,,Comedia ratatilor,Nemira,2006,
,Raft 06,R0632,Giles,FODEN,,,,,,,Ultimul rege al scotiei,Allfa,2008,
,Raft 06,R0633,Arthur Conan,DOYLE,,,,,,,Semnul celor patru,Corint,2005,
,Raft 06,R0634,Ioana,PARVULESCU,,,,,,,In Tara Miticilor - De sapte ori Caragiale,Humanitas,2007,
,Raft 06,R0635,Paulo,COELHO,,,,,,,Veronika se hotaraste sa moara,Humanitas,2000,
,Raft 06,R0636,Mario Vargas,LLOSA,,,,,,,Matusa Julia si condeierul,Humanitas,2000,
,Raft 06,R0637,Paulo,COELHO,,,,,,,Al cincilea munte,Humanitas,2001,
,Raft 06,R0638,Paulo,COELHO,,,,,,,Diavolul si domnisoara Prym,Humanitas,2002,
,Raft 06,R0639,Marguerite,DURAS,,,,,,,Amantul,Humanitas,2002,
,Raft 06,R0640,Paulo,COELHO,,,,,,,La riul Piedra am sezut si-am plins,Humanitas,2002,
,Raft 06,R0641,Mario Vargas,LLOSA,,,,,,,Cine l-a ucis pe Palomino Molero?,Humanitas,2003,
,Raft 06,R0642,Tennessee,WILLIAMS,,,,,,,Primavara la Roma a doamnei Stone,Humanitas,2003,
,Raft 06,R0643,Martin,PAGE,,,,,,,M-am hotarat sa devin prost,Humanitas,2004,
,Raft 06,R0644,Mircea,CARTARESCU,,,,,,,De ce iubim femeile,Humanitas,2004,
,Raft 06,R0645,,,,,,,,,,,,
,Raft 06,R0646,Lucian,BOIA,,,,,,,Istorie si mit in constiinta romaneasca,Humanitas,2002,
,Raft 06,R0647,Lucian,BOIA,,,,,,,Doua secole de mitologie nationala,Humanitas,2002,
,Raft 06,R0648,Lucian,BOIA,,,,,,,Jocul cu trecutul - Istoria intre adevar si fictiune,Humanitas,2002,
,Raft 06,R0649,Quintus Tullius,CICERO,,,,,,,Mic dictionar de campanie electorala,Art,2008,
,Raft 06,R0650,Pierre-Thomas-Nicolas,HURTAUT,,,,,,,Mestesugul bunei partaieli,Art,2008,
,Raft 06,R0651,L. J.,PETER,Raymond,HULL,,,,,Principiul lui Peter,Humanitas,1994,
,Raft 06,R0652,Mircea,DINESCU,,,,,,,Pamflete vesle si triste,Seara,1996,
,Raft 06,R0653,Coleta,de SABATA,,,,,,,Gradina secreta a pictorlului,Excelsior art,2005,
,Raft 06,R0654,Vladimir,SOROKIN,,,,,,,Ziua opricinicului,Curtea Veche,2008,
,Raft 06,R0655,Bob,DYLAN,,,,,,,"Cronica vietii mele, vol. *",Allfa,2007,
,Raft 17,R1701,Dan,BROWN,,,,,,,Codul lui Davinci,RAO,2004,
,Raft 17,R1702,Grigore,CARTIANU,,,,,,,Crimele revolutiei - Sangeroasa diversiune a KGB-istilor din FSN,Adevarul,2010,
,Raft 17,R1703,Grigore,CARTIANU,Cristian,DELCEA,Mihai,VOINEA,Andrei,CRACIUN,Teroristii printre noi - Adevarul despre ucigasii revolutiei,Adevarul,2011,
,Raft 17,R1704,Grigore,CARTIANU,,,,,,,Sfarsitul Ceausestilor - Sa mori impuscat ca un animal salbatic,Adevarul,2010,
,Raft 17,R1705,Grigore,CARTIANU,,,,,,,Jurnalul unui puci rata,Adevarul,,
,Raft 17,R1706,Mihail,SORA,,,,,,,Mai avem un viitor? Romania la inceput de mileniu,Polirom,2001,
,Raft 17,R1707,Alexandru,PALEOLOGU,,,,,,,Alchimica existentei,Cartea Romaneasca,2008,
,Raft 17,R1708,Alexandru,PALEOLOGU,,,,,,,Bunul-simt ca paradox,Cartea Romaneasca,2005,
,Raft 17,R1709,Robert,GRAVES,,,,,,,"Eu, Claudis imparat",Humanitas,2003,
,Raft 17,R1710,Mario,PUZO,,,,,,,Familia Borgia,Humanitas,2001,
,Raft 17,R1711,Stelian,TANASE,,,,,,,Racovski - Dosar secret,Polirom,2008,
,Raft 17,R1712,Toma,ROMAN Jr.,,,,,,,Omul care aduce pipi - povestile erotice ale unui jurnalist roman,Trei,2009,
,Raft 17,R1713,Silviu,DRAGOMIR,Vasile Dem.,ZAMFIRESCU,,,,,Povesti erotice romanesti,Trei,2007,
,Raft 17,R1714,Petru,POPESCU,,,,,,,Supleantul,Curtea Veche,2009,
,Raft 17,R1715,Neculai Constantin,MUNTEANU,,,,,,,Ultimii sapte ani de-acasa - un ziarist in dosarele securitatii,Curtea Veche,2007,
,Raft 17,R1716,Robert C.,TUCKER,,,,,,,Filosofie si mit la Karl Marx,Curtea Veche,2011,
,Raft 17,R1717,Milan,KUNDERA,,,,,,,Valsul de adio,Humanitas,2004,
,Raft 17,R1718,John,UPDIKE,,,,,,,"Fugi, Rabbit",Humanitas,2008,
,Raft 17,R1719,Catalin Dorian,MIHULEAC,,,,,,,Zece povestiri multilateral dezvoltate,Cartea Romaneasca,2010,
,Raft 17,R1720,Henry,MILLER,,,,,,,Sexus,Polirom,2010,
,Raft 17,R1721,Ioana,BRADEA,,,,,,,Bagau,EST,2004,
,Raft 17,R1722,Giuseppe Tomasi,di LAMPEDUSA,,,,,,,Ghepardul,Humanitas,2002,
,Raft 17,R1723,Traian,UNGUREANU,,,,,,,Olimpia in exil - O carte despre noblete si dezonoare in sport,Humanitas,2008,
,Raft 17,R1724,Traian,UNGUREANU,,,,,,,Tehnica neputintei la romani,Humanitas,2006,
,Raft 17,R1725,Traian,UNGUREANU,,,,,,,Razboiul timpurilor - declin occidental si asediu islamic,Humanitas,2006,
,Raft 17,R1726,Traian,UNGUREANU,,,,,,,"Despre securitate - Romania, tara ""ca si cum""",Humanitas,2006,
,Raft 17,R1727,Traian,UNGUREANU,,,,,,,Incotro duce istoria Romaniei,Humanitas,2008,
,Raft 17,R1728,Traian,UNGUREANU,,,,,,,Eroi si jocuri populare,Humanitas,2007,
,Raft 17,R1729,Andrei,PLESU,,,,,,,Comedii la portile orientului,Humanitas,2005,
,Raft 17,R1730,Pierre,DESPROGES,,,,,,,Femei secerate,Humanitas,2005,
,Raft 17,R1731,Nigel,WILLIAMS,,,,,,,Crimele din Wimbledon,Humanitas,2005,
,Raft 17,R1732,Adrian,LUSTIG,,,,,,,Funeralii fericite,Humanitas,2010,
,Raft 17,R1733,Cristian,PATRASCONIU,,,,,,,Repere intelectuale ale dreptei roamnesti,Humanitas,2010,
,Raft 17,R1734,Lucia,HOSSU LONGIN,,,,,,,Fata in fata cu generalul Ion Mihai Pacepa,Humanitas,2009,
,Raft 17,R1735,Adrew,CRUMEY,,,,,,,Domnul Mee,Univers,2012,
,Raft 17,R1736,Jean-Noel,KAPFERER,,,,,,,Zvonurile,Humanitas,1993,
,Raft 17,R1737,Max,WEBER,,,,,,,Etica protestanta si spiritul capitalist,Humanitas,1993,
,Raft 17,R1738,Elfriede,JELINEK,,,,,,,Exclusii,Polirom,2005,
,Raft 17,R1739,Herta,MULLER,,,,,,,Animalul inimii,Polirom,2006,
,Raft 17,R1740,Catalin Dorian,FLORESCU,,,,,,,Vremea minunilor,Polirom,2006,
,Raft 17,R1741,Stelian,TANASE,,,,,,,Copruri de iluminat,Polirom,2004,
,Raft 17,R1742,Ioan T.,MORAR,,,,,,,Lindenfeld,Polirom,2005,
,Raft 17,R1743,I.,ILF,E.,PETROV,,,,,America fara etaje,Polirom,2010,
,Raft 17,R1744,Ernest,HEMINGWAY,,,,,,,Fiesta,Polirom,2008,
,Raft 17,R1745,Ernest,HEMINGWAY,,,,,,,Sarbatoarea continua,Polirom,2008,
,Raft 16,R1601,George,NEAGOE,,,,,,,Asul de pica: Stefan Aug. Doinas,Cartea Romaneasca,2013,
,Raft 16,R1602,Vladimir,TISMANEANU,,,,,,,"Diavolul in istorie - Comunism, fascism si cateva lectii  ale secoluluil XX",Humanitas,2013,
,Raft 16,R1603,Radu,ROSETTI,,,,,,,Amintiri - Ce am auzit de la altii; Din copilarie; Din tinerete,Humanitas,2013,
,Raft 16,R1604,Dorin,BODEA,,,,,,,Valorile angajatilor romani,Result,2013,
,Raft 16,R1605,Paul,LENDVAI,,,,,,,Ungurii,Humanitas,2001,
,Raft 16,R1606,Robert,MUCHEMBLED,,,,,,,O istorie a placerii din secolul al XVI-lea pana in zilele noastre - Orgasmul si Occidentul,Cartier,2006,
,Raft 16,R1607,Gabriel,LIICEANU,,,,,,,Dragul meu turnator,Humanitas,2013,
,Raft 16,R1608,Ioana,PARVULESCU,,,,,,,Viata incepe vineri,Humanitas,2013,
,Raft 16,R1609,Radu,PARASCHIVESCU,,,,,,,Maimuta carpatina,Humanitas,2013,
,Raft 16,R1610,Vladimir,TISMANEANU,,,,,,,Cartea presedintilor,Humanitas,2013,
,Raft 16,R1611,Daniel,DUCRET,,,,,,,Feneile dictatorilor,Curtea Veche,2013,
,Raft 16,R1612,Shivani,SINGH,,,,,,,Moarte la curtea rajahului,Taj,2010,
,Raft 16,R1613,Barbara,CLEVERLY,,,,,,,Ultimul trandafir din Casmir,Corint,,
,Raft 16,R1614,John,STEINBECK,,,,,,,Perla,Polirom,2013,
,Raft 16,R1615,Ken,JOWITT,,,,,,,Noua dezordine mondiala - extinctia leninista,Curtea Veche,2012,
,Raft 16,R1616,Pierre,MANENT,,,,,,,Istoria intelectuala a liberalismului,Humanitas,2013,
,Raft 16,R1617,Mircea,CARP,,,,,,,"Aici Mircea Carp, sa auzim numai de bine!",Polirom,2012,
,Raft 16,R1618,Dan,TAPALAGA,,,,,,,Pretul adevarului - Un procuror in lupta cu sistemul - Dan Tapalaga in dialog cu Daniel Morar,Humanitas,2012,
,Raft 16,R1619,Ioana,PARVULESCU,,,,,,,Cartea intrebarilor,Humanitas,2010,
,Raft 16,R1620,Ioana,PARVULESCU,,,,,,,Intoarcere in secolul 21,Humanitas,2009,
,Raft 16,R1621,Felix I.,RODRIGUEZ,John,WEISMAN,,,,,Luptatorul din umbra - Un agent CIA si bataliile sale secrete,Polirom,2011,
,Raft 16,R1622,Barrie,GUNTER,,,,,,,Stapanul si anumalul de casa - beneficiile relatiilor cu animalele,Trei,2011,
,Raft 16,R1623,Liviu,REBREANU,,,,,,,"Romane, vol. *",Cartea Romaneasca,1986,
,Raft 16,R1624,Liviu,REBREANU,,,,,,,"Romane, vol. * *",Cartea Romaneasca,1986,
,Raft 16,R1625,Liviu,REBREANU,,,,,,,"Romane, vol. * * *",Cartea Romaneasca,1986,
,Raft 16,R1626,Dan,CHISU,,,,,,,Singur sub dus,Nemira,2004,
,Raft 16,R1627,Tom,HODGKINSON,,,,,,,Ghidul lenesului - mic tratat pentru lenesi rafinati,Nemira,2004,
,Raft 16,R1628,Russell,BANKS,,,,,,,Deriva continentelor,Univers,2007,
,Raft 16,R1629,Muriel,SPARK,,,,,,,Domnisoara Brodie in floarea varstei,Univers,2007,
,Raft 16,R1630,Emil,BRUMARU,,,,,,,Opera poetica,Cartier,2003,
,Raft 01,R0101,* * *,,,,,,,,Nice et ses environs,,,
,Raft 01,R0102,* * *,,,,,,,,Verona,,,
,Raft 01,R0103,* * *,,,,,,,,Venice,,,
,Raft 01,R0104,Roger,WILLIAMS,,,,,,,Londra,Litera International,2008,
,Raft 01,R0105,Michael,LEIDIG,Irene,ZOECH,,,,,Viena,Litera International,2007,
,Raft 01,R0106,Coral,DEVENPORT,Jane,FOSTER,,,,,Atena,Litera International,2008,
,Raft 01,R0107,National Geographic Traveler,,,,,,,,Italia,,,
,Raft 01,R0108,National Geographic Traveler,,,,,,,,Romania,,,
,Raft 01,R0109,National Geographic Traveler,,,,,,,,Marea Britanie,Adevarul,,
,Raft 01,R0110,* * *,,,,,,,,Barcelona,Lonely Planet,,
,Raft 01,R0111,* * *,,,,,,,,Provence & the Cote d'Azur,Lonely Planet,,
,Raft 01,R0112,Katrin,UNTERREINER,,,,,,,SISI Nyth and Truth,Christian Brandstatter,,
,Raft 01,R0113,* * *,,,,,,,,Elvetia,Aquila '93,,
,Raft 01,R0114,* * *,,,,,,,,Cehia si Slovacia,Aquila '93,,
,Raft 01,R0115,* * *,,,,,,,,Rome and the Vatican,Bonechi,,
,Raft 01,R0116,Michelin,LE GUIDE VERT,,,,,,,Austria,Editions des Voyages,,
,Raft 01,R0117,Michelin,LE GUIDE VERT,,,,,,,Tuscany,Editions des Voyages,,
,Raft 01,R0118,Michelin,LE GUIDE VERT,,,,,,,Barcelone et La Catalogne,Editions des Voyages,,
,Raft 01,R0119,Michelin,LE GUIDE VERT,,,,,,,Provence,Editions des Voyages,,
,Raft 01,R0120,Michelin,LE GUIDE VERT,,,,,,,Cote d'Azur,Editions des Voyages,,
,Raft 01,R0121,* * *,,,,,,,,Vatican,Musei Vaticani,,
,Raft 11,R1101,* * *,,,,,,,,Villa Maiella racconta…,,,
,Raft 11,R1102,* * *,,,,,,,,Tempo d'autunno,,,
,Raft 11,R1103,Julian,BARNES,,,,,,,Pedantul in bucatarie,Nemira,2006,
,Raft 11,R1104,* * *,,,,,,,,Pensiile pe intelesul tuturor 2011,Adevarul,2001,
,Raft 11,R1105,* * *,,,,,,,,Povesti de dragoste la prima vedere,Humanitas,2008,
,Raft 11,R1106,Kitti Cha,SANGMANCE,Catherine,DONZEL,,,,,The little book of Tea,Flammarion,,
,Raft 11,R1107,Katherine,KHODOROWSKY,Herve,ROBERT,,,,,The little book of Chocolate,Flammarion,,
,Raft 11,R1108,Ioan T.,MORAR,,,,,,,Negru si Rosu,Polirom,2013,
,Raft 11,R1109,Herta,MULLER,,,,,,,Inca de pe atunci vulpea era vanatorul,Humanitas,2010,
,Raft 11,R1110,Mircea,CARTARESCU,,,,,,,Orbitor Aripa stanga,Humanitas,2008,
,Raft 11,R1111,Mircea,CARTARESCU,,,,,,,Orbitor Corpul,Humanitas,2008,
,Raft 11,R1112,Mircea,CARTARESCU,,,,,,,Orbitor Aripa dreapta,Humanitas,2007,
,Raft 11,R1113,Graham,GREENE,,,,,,,La drum cu matusa-mea,Polirom,2013,
,Raft 11,R1114,Simona,TACHE,Mihai,RADU,,,,,"Femeile vin de pe Venus, barbatii de la baut",Trei,2013,
,Raft 11,R1115,Mario Vargas,LLOSA,,,,,,,Eroul discret,Humanitas,2013,
,Raft 11,R1116,Paul,JOHNSON,,,,,,,O istorie a lumii moderne 1920-2000,Humanitas,2014,
,Raft 11,R1117,Paul,JOHNSON,,,,,,,Dusmanii societatii,Humanitas,2013,
,Raft 11,R1118,Jean,SEVILLIA,,,,,,,Terorismul intelectual - din 1945 pana in prezent,Humanitas,2012,
,Raft 11,R1118,James,JOYCE,,,,,,,Portret al artistului la tinerete,Humanitas,2012,
,Raft 11,R1119,Zelda,FITZGERALD,,,,,,,Acorda-mi acest vals,Humanitas,2014,
,Raft 11,R1120,Adrian,CIOROIANU,,,,,,,Cea mai frumoasa poveste - cateva adevaruri simple despre istoria romanilor,Curtea Veche,2013,
,Raft 11,R1121,Dan,LUNGU,Amelia,GHEORGHITA,,,,,"Carti, filme, muzici si alte distractii din comunism",Polirom,2014,
,Raft 11,R1122,John,FOWLES,,,,,,,Mantisa,Polirom,2014,
,Raft 11,,Vladimir,TISMANEANU,Marius,STAN,,,,,Dosar Stalin Genialissimul generalisim,Curtea Veche,2014,
,Raft 11,,F. Scott,FITZGERALD,,,,,,,Povestiri cu Basil si Josephine,Polirom,2014,
,Raft 11,,John,STEINBECK,,,,,,,La rasarit de Eden,Polirom,2013,
,Raft 11,,Tim,TZOULIADIS,,,,,,,Abandonatii,Corint,2014,
,Raft 11,,Lucian,BOIA,,,,,,,Dosarele secrete ale agentului Anton,Humanitas,2014,
,Raft 11,,Simona,BERTHON,,,,,,,Razboi intre aliati,Humanitas,2014,
,Raft la mine in camera,,John,STEINBECK,,,,,,,Iarna vrajbei noastre,Polirom,2014,
,Raft la mine in camera,,Mario Vargas,LLOSA,,,,,,,Sarbatoarea tapului,Humanitas,2014,
,Raft la mine in camera,,John,STEINBECK,,,,,,,Fructele miniei,Polirom,2013,
,Raft la mine in camera,,Yann,MARTEL,,,,,,,Viata lui Pi,Polirom,2012,
,XXX,,Alain,BESANCON,,,,,,,Anatomia unei stafii,Humanitas,2014,
,XXX,,Aleksander,WAT,,,,,,,Secolul meu - Confesiunile unui intelectual european,Humanitas,2014,
,Raft la mine in camera,,Paulo,COELHO,,,,,,,Adulter,Humanitas,2014,
,Raft la mine in camera,,Ernest,HEMINGWAY,,,,,,,Gradina raiului,Polirom,2014,
,XXX,,Richard,KUNISCH,,,,,,,"Bucuresti si Stambul - Schite din Ungaria, Romania si Turcia",Humanitas,2014,
,XXX,,Richard C.,MARAIS,,,,,,,Madame Mallory si micul bucatar indian,Humanitas,2014,
,XXX,,Andrei,PLESU,Gabriel,LIICEANU,Horia-Roman,PATAPIEVICI,,,O idee care suceste mintile,Humanitas,2014,
,"Dulap mic, rand jos, spate",,,,,,,,,,,,,
,"Dulap mic, rand jos, spate",,Anatolie,HRISTEV,Vasile,FALIE,,,,,Fizica - Manual pentru clasa a IX-a,,,
,"Dulap mic, rand jos, spate",,Elena,MAGEARU,Argentina,PETRU,,,,,Chimie - exercitii si probleme cu caracter programat vol. I,,,
,"Dulap mic, rand jos, spate",,Elena,MAGEARU,Argentina,PETRU,,,,,Chimie - exercitii si probleme cu caracter programat vol. II,,,
,"Dulap mic, rand jos, spate",,Gh.,SILAS,I.,GROSANU,,,,,Mecanica,,,
,"Dulap mic, rand jos, spate",,Dorin,GHEORGHIU,Nicolae,GHERBANOVSCHI,,,,,Culegere de probleme de electricitate,,,
,"Dulap mic, rand jos, spate",,G.,IONESCU,V.,FOCHIANU,,,,,Probleme de fizica date la concursurile de admitere in invatamantul superior - pentru ingienri si subingineri,2 buc,,
,"Dulap mic, rand jos, spate",,,,,,,,,,Fizica - Manual pentru anul III liceu Sectia reala,,,
,"Dulap mic, rand jos, spate",,M.,ONCESCU,M.,PETRESCU,,,,,Fizica anul IV liceu real,,,
,"Dulap mic, rand jos, spate",,N.,STANESCU,I.,PETRESCU PRAHOVA,,,,,"Fizica Electroci9netica, curent alternativ, tuburi electronice, semiconductori, oscilatii si unde electromagnetice",,,
,"Dulap mic, rand jos, spate",,Vasile,CHIRIAC,Mihai,CHIRIAC,,,,,"Probleme de matematica, fizica, chimie date la concursurile de admitere in treapta a II-a de liceu in anii 1978-1986",,,
,"Dulap mic, rand jos, spate",,L.,PANAITOPOL,C.,OTTESCU,,,,,Probleme date la olimpiadele de matematica,,,
,"Dulap mic, rand jos, spate",,Nicolae C.,NEGOESCU,,,,,,,Probleme cu… probleme,,,
,"Dulap mic, rand jos, spate",,Grogore,GHEBA,,,,,,,Execritii si probleme de matematica - pentru concursurile de admitere in licee,,,
,"Dulap mic, rand jos, spate",,Marius,GALL,Anatolie,HRISTEV,,,,,Probleme date la olimpiadele de fizica,,,
,"Dulap mic, rand jos, spate",,Tr. I.,CRETU,D.,ANGHELESCU,,,,,Culegere de probleme de fizica pentru admiterea in invatamintul superior tehnic,,,
,"Dulap mic, rand jos, spate",,N.,HANGEA,T.,POPESCU,,,,,"Fizica Electrostatica, curenti ramificati, electromagnetism, inductie electromagnetica",,,
,"Dulap mic, rand jos, spate",,D.,TANASE,P.,PODAREANU,,,,,Probleme de chimie pentru licee,,,
,"Dulap mic, rand jos, spate",,Dorin,GHEORGHIU,Silvia,GHEORGHIU,,,,,Probleme de fizica pentru admiterea in invatamintul superior,,,
,"Dulap mic, rand jos, spate",,Margareta,AILINCAI,Liviu,RADULESCU,,,,,Probleme-intrebari de fizica,,,
,"Dulap mic, rand jos, spate",,I.,BUNGET,,,,,,,Compendiu de fizica pentru admitere in invatamintul superior,,,
,"Dulap mic, rand jos, spate",,* * *,,,,,,,,Analiza matematica I,,,
,"Dulap mic, rand jos, spate",,* * *,,,,,,,,Analiza matematica II,,,
,"Dulap mic, rand jos, spate",,O.,STANASILA,,,,,,,Analiza matematica,,,
,"Dulap mic, rand jos, spate",,,,,,,,,,Probleme fundamentale ale istoriei Romaniei,,,
,"Dulap mic, rand jos, spate",,David,HALLIDAY,Robert,RESNICK,,,,,Fizica vol I,,,
,"Dulap mic, rand jos, spate",,David,HALLIDAY,Robert,RESNICK,,,,,Fizica vol II,,,
,"Dulap mic, rand jos, spate",,D.,DRAGHICESU,Al.,LEONTE,,,,,Ghid de pregatire la matematica pentru concursul de admitere in invatamantul superior,,,
,"Dulap mic, rand jos, spate",,A.,HRISTEV,,,,,,,"Probleme de calcura, fizica moleculara si termodinamica pentru examenele de bacalaureat si admitere in invatamantul superior",,,
,"Dulap mic, rand jos, spate",,,PAPY,,,,,,,Matematica moderna vol 1,,,
,"Dulap mic, rand jos, spate",,,PAPY,,,,,,,Matematica moderna vol 2,,,
,"Dulap mic, rand jos, spate",,* * *,,,,,,,,Dictionar de termeni literari,,,
,"Dulap mic, rand jos, spate",,George,BELGIU,,,,,,,Sisteme informatice in ingineria mecanica,,,
,"Dulap mic, rand jos, spate",,Dumitru,HANCU,,,,,,,Dictionar al limbii romane,,,
,"Dulap mic, rand jos, spate",,,,,,,,,,Memorator matematic si tehnic,,,
,"Dulap mic, rand jos, spate",,George,CALINESCU,,,,,,,Istoria literaturii romane - compendiu,,,
,"Dulap mic, rand jos, spate",,* * *,,,,,,,,"Indreptar ortografic, ortoepic si de punctuatie",,,
,"Dulap mic, rand jos, spate",,Anatolie,HRISTEV,,,,,,,Probleme rezolvate de fizica * Mecanica,,,
,"Dulap mic, rand jos, spate",,Anatolie,HRISTEV,,,,,,,"Probleme rezolvate de fizica ** Termodinamica, fizica moleculara, caldura",,,
,"Dulap mic, rand jos, spate",,Anatolie,HRISTEV,,,,,,,Probleme rezolvate de fizica *** Electricitate,,,
,"Dulap mic, rand jos, spate",,Anatolie,HRISTEV,,,,,,,"Probleme rezolvate de fizica **** Optica, fizica atomica si nucleara",,,
,"Dulap mic, rand jos, spate",,Gh. N.,DRAGOMIRESCU,,,,,,,Mica enciclopedie a figurilor de stil,,,
,"Dulap mic, rand jos, spate",,* * *,,,,,,,,Dictionar de matematici generale,,,
,"Dulap mic, rand jos, fata",,Gheorghe,CALUGARITA,Valeriu,MANGU,,,,,Probleme de matematica pentru treapta I-a si a II-a de liceu vol I,,,
,"Dulap mic, rand jos, fata",,Gheorghe,CALUGARITA,Valeriu,MANGU,,,,,Probleme de matematica pentru treapta I-a si a II-a de liceu vol II,,,
,"Dulap mic, rand jos, fata",,Constantin,IONESCU-TIU,,,,,,,Geometrie plana si in spatiu pentru admitere in facultate,2 buc,,
,"Dulap mic, rand jos, fata",,Catalin-Petru,NICOLESCU,,,,,,,Analiza matematica Aplicatii **,,,
,"Dulap mic, rand jos, fata",,D. M.,BATINETI,,,,,,,Probleme de matematica pentru treapta a II-a de liceu - Siruri,,,
,"Dulap mic, rand jos, fata",,L.,PANAITOPOL,I. C.,DRAGHICESCU,,,,,Polinoame si ecuatii algebrice,,,
,"Dulap mic, rand jos, fata",R12,Dorin,GHEORGHIU,Silvia,GHEORGHIU,,,,,Probleme de fizica pentru admiterea in invatamintul superior,,,
,"Dulap mic, rand jos, fata",,Gabriela,CONE,Gheorghe,STANCIU,,,,,"Probleme de fizica pentru liceu, Fenomene electrice si optice, Elemente de fizica cuantica, Fizica nucleului",,,
,"Dulap mic, rand jos, fata",,Gabriela,CONE,Gheorghe,STANCIU,,,,,"Probleme de fizica pentru liceu, Mecanica, Termodinamica, Fizica moleculara",,,
,"Dulap mic, rand jos, fata",,Gh. D.,SIMIONESCU,,,,,,,Probleme de sinteza de geometrie plana si in spatiu,,,
,"Dulap mic, rand jos, fata",,Constantin,POPA,Viorel,HIRIS,,,,,Introducere in analiza matematica prin exercitii si probleme,,,
,"Dulap mic, rand jos, fata",,I.,CUCULESCU,,,,,,,Olimpiadele internationale de matematica ale elevilor,,,
,"Dulap mic, rand jos, fata",,* * *,,,,,,,,Catalog de materiale pentru sudare,,,
,"Dulap mic, rand jos, fata",,* * *,,,,,,,,Regimuri termice aplicate inainte si dupa sudarea otelurilor,,,
,"Dulap mic, rand jos, fata",,* * *,,,,,,,,Utilizarea calculatoarelor in domeniul sudarii si al procedeelor conexe,,,
,"Dulap mic, rand jos, fata",,* * *,,,,,,,,Aspecte economice ale tehnologiei sudarii,2 buc,,
,"Dulap mic, rand jos, fata",,* * *,,,,,,,,Aplicatii ale statisticii in domeniul constructiilor de masini,2 buc,,
,"Dulap mic, rand jos, fata",,Stefan,MORARIU,,,,,,,Transformari in imbinarile sudate ale otelurilor,2,,
,"Dulap mic, rand jos, fata",,Ioan,CARTIS,,,,,,,Tratamente termice indrumator pentru loucrari de laborator pentru uzul studentilor,,,
,"Dulap mic, rand jos, fata",,Ioan Gh.,CARTIS,,,,,,,Tratamente termice,,,
,"Dulap mic, rand jos, fata",,Traian,SALAGEAN,,,,,,,Tehnologia sudarii metalelor cu arc electric,,,
,"Dulap mic, rand jos, fata",,Traian,SALAGEAN,,,,,,,Tehnologia procedeelor de sudare cu arc,,,
,"Dulap mic, rand jos, fata",,Traian,SALAGEAN,Dan,MALAI,,,,,Optimizarea sudarii cu arc electric,,,
,"Dulap mic, rand jos, fata",,Marin,TRUSCULESCU,Viorel-Aurel,SERBAN,,,,,Metale amorfe,,,
,"Dulap mic, rand jos, fata",,Mircea Aurel,CIUGUDEAN,,,,,,,Zambete la electro,,,
,"Dulap mic, rand sus, spate",,I.,CHIRA,L.,SOFRONI,,,,,Procedee speciale de turnare,,,
,"Dulap mic, rand sus, spate",,Gh.,ION,M.,VOICU,,,,,Tehnologia asamblarii si montajului manual pentru licee industriale cu profil de mecanica,,,
,"Dulap mic, rand sus, spate",,N.,HUZUM,G.,RANTZ,,,,,"Masini, utilaje si instalatii din industria constructiilor de masini manual clasa XI-a",,,
,"Dulap mic, rand sus, spate",,N.,HUZUM,G.,RANTZ,,,,,"Masini, utilaje si instalatii din industria constructiilor de masini manual clasa XII-a",,,
,"Dulap mic, rand sus, spate",,Suzana,GADEA,Maria,PETRESCU,,,,,Aliaje amorfe solidificate ultrarapid sticle metalice,,,
,"Dulap mic, rand sus, spate",,V.,POPOVICI,S.,SONTEA,,,,,"Ghidul lucrarilor de sudare, taiere, lipire",,,
,"Dulap mic, rand sus, spate",,Ioan,DEUTSCH,,,,,,,Rezistenta materialelor,,,
,"Dulap mic, rand sus, spate",,I.,DEUTSCH,I.,GOIA,,,,,Probleme de rezistenta materialelor,,,
,"Dulap mic, rand sus, spate",,Nicolae,GERU,Marin,BANE,,,,,Analiza structurii materialelor metalice,,,
,"Dulap mic, rand sus, spate",,Marin,TRUSCULESCU,Aurel,IEREMIA,,,,,Oteluri inoxidabile si refractare,,,
,"Dulap mic, rand sus, spate",,Ion,MITELEA,Victor,BUDAU,,,,,Materiale si tratamente termice pentru structuri sudate,3 buc,,
,"Dulap mic, rand sus, spate",,Aurel,RADUTA,Mircea,NICOARA,,,,,"Ingenierie assistee par prdinateur et nouveaux materiaux Ecole e'ete 28 aout - 3 septembre 2006, Timisoara - Roumanie",,,
,"Dulap mic, rand sus, spate",,Paul,FOGARASSY,,,,,,,Birotica asistata de calculator,,,
,"Dulap mic, rand sus, spate",,Paul,FOGARASSY,,,,,,,Programarea in Visual Basic,,,
,"Dulap mic, rand sus, spate",,Paul,FOGARASSY,,,,,,,Sistem expert pentru sudarea electrica prin presiune,,,
,"Dulap mic, rand sus, spate",,Roland Laurentiu,CUCURUZ,,,,,,,Studiul materialelor - Manual bilingv vol I,2 buc,,
,"Dulap mic, rand sus, spate",,Aurel,RADUTA,,,,,,,Elemente de stiinta si ingineria materialelor vol I - Stiinta materialelor,,,
,"Dulap mic, rand sus, spate",,Aurel,RADUTA,,,,,,,Elemente de stiinta si ingineria materialelor vol II - Ingineria materialelor,,,
,"Dulap mic, rand sus, spate",,Viore-Aurel,SERBAN,Aurel,RADUTA,,,,,Materiale metalice - Ghidul profesorului de educatia tehnologica,,,
,"Raft mare, randul de jos, spate",,Cibaldi,CESARE,,,,,,,I criteri di scelta e di tratamenteo degli acciai da construzione e da utensili,,,
,"Raft mare, randul de jos, spate",,Ion,MITELEA,Victor,BUDAU,,,,,Studiuol metalelor - indreptar tehnic,,,
,"Raft mare, randul de jos, spate",,Traian,SALAGEAN,Ion,MITELEA,,,,,Metalurgia si sudarea otelurilor inoxidabile,,,
,"Raft mare, randul de jos, spate",,Dan,GARBEA,,,,,,,Analiza cu elemente finite,,,
,"Raft mare, randul de jos, spate",,Petru Cornel,RAICOV,,,,,,,"Calculul structurilor cu metoda elementului finit - Teorie, programe utilitare, aplicatii",,,
,"Raft mare, randul de jos, spate",,Nicolae,FAUR,,,,,,,Elemente finite - Fundamente,,,
,"Raft mare, randul de jos, spate",,John R.,BRAUER,,,,,,,What every engineer should know about finite element analysis,,,
,"Raft mare, randul de jos, spate",,Ioan,VIDA-SIMITI,,,,,,,Proprietati tehnologice in metalurgia pulberilor,,,
,"Raft mare, randul de jos, spate",,Livius,UDRESCU,,,,,,,Materiale metalice si tratamente termice volumice,,,
,"Raft mare, randul de jos, spate",,Livius,UDRESCU,,,,,,,Transfer termic si masic la aliaje metalice,,,
,"Raft mare, randul de jos, spate",,Corneliu Marius,CRACIUNESCU,,,,,,,Micro si nanoingineria aliajelor cu memorie a formei,,,
,"Raft mare, randul de jos, spate",,Corneliu Marius,CRACIUNESCU,,,,,,,Materiale compozite,,,
,"Raft mare, randul de jos, spate",,Victor,BUDAU,Corneliu Marius,CRACIUNESCU,,,,,Studiul materialelor - Ghid individuL PENTRU LUCRARI DE LABORATOR,,,
,"Raft mare, randul de jos, spate",,C.,IONESCU-TIU,N.,MIHAILEANU,,,,,Probleme de matematica pentru examenele de bacalaureat si admitere in invatamintul superior,,,
,"Raft mare, randul de jos, spate",,Lia,ARAMA,Teodor,MROZAN,,,,,Probleme de calcul diferential si integral,,,
,"Raft mare, randul de jos, spate",,Faniza,TURTOIU,,,,,,,Probleme de trigonometrie,,,
,"Raft mare, randul de jos, spate",,M. St.,BOTEZ,,,,,,,Probleme de geometrie,,,
,"Raft mare, randul de jos, spate",,Rodica,TRANDAFIR,,,,,,,Probleme de matematici pentru ingineri,,,
,"Raft mare, randul de jos, spate",,Faniza,TURTOIU,,,,,,,Ecuatii si inecuatii trigonometrice,,,
,"Raft mare, randul de jos, spate",,V.,BOJU,M.,POPESCU,,,,,Probleme de geometria varietatilor diferentiabile,,,
,"Raft mare, randul de jos, spate",,I. M.,POPESCU,G.,IONESCU,,,,,"Probleme de optica, fizica atomica si nucleara",,,
,"Raft mare, randul de jos, spate",,Ioan,DRUICA-ZELETIN,Armand,POPESCU,,,,,Probleme de mecanica si acustica pentru exemenele de bacalaureat si admitere in invatamantul superior,,,
,"Raft mare, randul de jos, spate",,Anatolie,HRISTEV,,,,,,,Probleme de fizica date la examene,,,
,"Raft mare, randul de jos, spate",,E.,ROGAI,C.,TEODORESCU,,,,,Tabele matematice uzuale,,,
,"Raft mare, randul de jos, spate",,Anatolie,HRISTEV,,,,,,,Probleme de fizica date la examene,,,
,"Raft mare, randul de jos, spate",,Marius,PREDA,Paul,CRISTEA,,,,,Probleme de electricitate pentru examenele de bacalaureat si admitere in invatamantul superior,,,
,"Raft mare, randul de jos, spate",,B.,BRADEANU,I.,POP,,,,,Probleme si exercitii de mecanica teoretica,,,
,"Raft mare, randul de jos, spate",,Oliviu,GHERMAN,Eugen,MAGYARI,,,,,Probleme de fizica pentru liceu,2 buc,,
,"Raft mare, randul de jos, spate",,Ion Gh.,VITA,,,,,,,Probleme de fizica cu situatii impuse pentru bacalaureat si admitere in invatamintul superior,,,
,"Raft mare, randul de jos, spate",,Constantin,NECSOIU,,,,,,,Probleme de fizica,,,
,"Raft mare, randul de jos, spate",,V. T.,MARCULESCU,Fl.,POPESCU,,,,,Probleme de chimie pentru concursul de admitere in invatamantul superior,,,
,"Raft mare, randul de jos, spate",,N.,POPESCU,C.,VITANESCU,,,,,Tehnologia tratamentelor termice,,,
,"Raft mare, randul de jos, spate",,Alexandru,CONSTANTINESCU,,,,,,,Detectia si masurarea coroziunii,,,
,"Raft mare, randul de jos, spate",,* * *,,,,,,,,Realizari si pesrpective in domeniul sudarii si incercarii materialelor,,,
,"Raft mare, randul de jos, spate",,* * *,,,,,,,,Sudarea materialelor plastice,,,
,"Raft mare, randul de jos, spate",,David,POPOVITS,Teofil,SUBU,,,,,Bimetale,,,
,"Raft mare, randul de jos, spate",,C.,BOARNA,D.,DEHELAN,,,,,Procedee neconventionale de sudare,,,
,"Raft mare, randul de jos, spate",,* * *,,,,,,,,Materiale de sudare fabricate in RSR,,,
,"Raft mare, randul de jos, spate",,* * *,,,,,,,,Ductil SA Welding cosnumables,,,
,"Raft mare, randul de jos, spate",,* * *,,,,,,,,Sudarea cu fascicul de electroni - Stadiul actual si perspective de dezvoltare,,,
,"Raft mare, randul de jos, spate",,Ioan,RADOI,,,,,,,Introducere in coroziunea si protectia metalelor si aliajelor,,,
,"Raft mare, randul de jos, spate",,Livius,UDRESCU,Sebastian,DUMA,,,,,Aplicatii ale trasnferului termic si masic la solide - Culegere de probleme,,,
,"Raft mare, randul de jos, spate",,Constantin,BUZATU,Edugen Ioan,POPA,,,,,Sisteme flexibile de prelucrare prin aschiere,,,
,"Raft mare, randul de jos, spate",,H.,BINCHICIU,I.,SURGEAN,,,,,Incarcarea prin sudare cu arcul electric,,,
,,,,,,,,,,,,,,
,Raft de la mine din camera,,Ioana,PARVULESCU,,,,,,,Si eu am trait in comunism,Humanitas,2015,
,Raft de la mine din camera,,Dan C.,MIHAILESCU,,,,,,,Cartea simturilor,Humanitas,2015,
,Raft de la mine din camera,,John,STEINBECK,,,,,,,Joia dulce,Polirom,2014,
,Raft de la mine din camera,,Isabel,ALLENDE,,,,,,,Tara mea,Humanitas,2013,
,Raft de la mine din camera,,Amos,OZ,,,,,,,Sa cunosti o femeie,Humanitas,2015,
,Raft de la mine din camera,,Radu,PARASCHIVESCU,,,,,,,Cum gandesc politicienii,Humanitas,2016,
,Raft de la mine din camera,,Care,SANTOS,,,,,,,Pofta de ciocolata,Humanitas,2016,
,Raft de la mine din camera,,Bob,DYLAN,,,,,,,Tarantula,Humanitas,2016,
,Raft de la mine din camera,,F. G.,HAGHENBECK,,,,,,,Cartea secreta a Fridei Kahlo,Nemira,2016,
,Raft de la mine din camera,,Martin,SIXSMITH,,,,,,,Rusia - un mileniu de istorie,Humanitas,20156,
,Raft de la mine din camera,,Jean des,CARS,,,,,,,Sceptrul si sangele - regi si regine in tumultul celor doua razboaie modiale,Trei,2016,
,Raft de la mine din camera,,Vasile,ERNU,,,,,,,Banditii - Mica trilogie a marginalilor,Polirom,2016,
,Raft de la mine din camera,,Mihai,MACI,,,,,,,Anatomia unei imposturi - O scoala incapabila sa invete,Trei,2016,
,Raft de la mine din camera,,* * *,,,,,,,,Casele vietilor noastre,Humanitas,2014,
,Raft de la mine din camera,,John,STEINBECK,,,,,,,Cupa de aur,Polirom,2012,
,Raft de la mine din camera,,Richard C.,MORAIS,,,,,,,Madame Mallory si micul bucatar indian,Humanitas,2014,
,Raft de la mine din camera,,Isabel,ALLENDE,,,,,,,Despre dragoste si umbra,Humanitas,2015,
,Raft de la mine din camera,,Karen,BLIXEN,,,,,,,Din inima Africii,Humanitas,2015,
,Raft de la mine din camera,,Radu Pavel,GHEO,,,,,,,Disco Titanic,Polirom,2016,